timestamp,symbol,strategy,side,entry,stop,exit,size,pnl,r_multiple
2026-04-14T16:15:00+00:00,AAPL,momentum,buy,71.1342,69.9048,73.5784,4.1145,7.56,1.49
2026-04-14T17:30:00+00:00,AAPL,momentum,buy,73.6647,72.3487,76.1248,3.8713,7.31,1.43
2026-04-15T10:15:00+00:00,AAPL,momentum,sell,68.0264,69.1123,66.0532,4.732,7.24,1.41
2026-04-15T11:30:00+00:00,AAPL,momentum,sell,66.0268,67.1675,66.04,4.5326,2.56,0.49
2026-04-15T16:30:00+00:00,AAPL,momentum,buy,72.0544,70.3138,75.5206,2.968,7.73,1.5
2026-04-15T19:45:00+00:00,AAPL,momentum,buy,75.9552,74.593,78.6637,3.8324,7.8,1.49
2026-04-16T04:15:00+00:00,AAPL,momentum,buy,82.2965,81.017,84.763,4.1178,7.71,1.46
2026-04-16T05:45:00+00:00,AAPL,momentum,buy,84.797,83.4708,84.78,4.0021,2.62,0.49
2026-04-16T10:15:00+00:00,AAPL,momentum,sell,76.5347,77.9544,73.71,3.7401,7.94,1.49
2026-04-16T11:45:00+00:00,AAPL,momentum,sell,73.4153,74.997,70.2659,3.3773,7.99,1.5
2026-04-17T04:15:00+00:00,AAPL,momentum,buy,83.5167,82.0843,86.3643,3.7665,8.06,1.49
2026-04-17T05:45:00+00:00,AAPL,momentum,buy,86.6673,85.1466,89.4321,3.5736,7.66,1.41
2026-04-17T11:00:00+00:00,AAPL,momentum,sell,85.8028,87.1674,83.2867,4.0159,7.79,1.42
2026-04-17T23:00:00+00:00,AAPL,momentum,sell,77.3045,78.3554,78.3711,5.2635,-5.61,-1.01
2026-04-18T04:15:00+00:00,AAPL,momentum,buy,83.6567,82.2738,86.4053,3.9685,8.2,1.49
2026-04-18T06:00:00+00:00,AAPL,momentum,buy,86.5573,85.0868,89.4721,3.759,8.24,1.49
2026-04-18T22:15:00+00:00,AAPL,momentum,sell,81.4137,82.7864,78.9558,4.0577,7.77,1.4
2026-04-19T00:15:00+00:00,AAPL,momentum,sell,78.9242,80.18,78.94,4.4702,2.77,0.49
2026-04-19T04:15:00+00:00,AAPL,momentum,buy,83.8768,82.4633,86.6863,3.9785,8.4,1.49
2026-04-19T05:45:00+00:00,AAPL,momentum,buy,86.8174,85.3262,89.6921,3.7987,8.29,1.46
2026-04-19T16:15:00+00:00,AAPL,momentum,buy,95.6991,94.2039,98.1004,3.821,7.44,1.3
2026-04-19T18:15:00+00:00,AAPL,momentum,buy,98.1396,96.7575,98.12,4.1669,2.84,0.49
2026-04-20T16:15:00+00:00,AAPL,momentum,buy,96.1792,94.583,99.0002,3.609,7.97,1.38
2026-04-20T17:30:00+00:00,AAPL,momentum,buy,99.0398,97.5256,101.8296,3.8352,8.25,1.42
2026-04-21T00:45:00+00:00,AAPL,momentum,sell,98.0704,99.5984,95.0334,3.8271,8.74,1.49
2026-04-21T11:45:00+00:00,AAPL,momentum,sell,90.5019,91.6385,91.2983,5.2,-4.14,-0.7
2026-04-21T16:15:00+00:00,AAPL,momentum,buy,96.0992,94.563,99.1518,3.8205,8.77,1.49
2026-04-21T18:45:00+00:00,AAPL,momentum,buy,99.3799,97.755,102.3795,3.6383,8.41,1.42
2026-04-22T05:15:00+00:00,AAPL,momentum,buy,104.6909,103.3909,103.3702,4.5981,-6.07,-1.02
2026-04-22T10:00:00+00:00,AAPL,momentum,sell,95.051,96.5508,93.8488,3.9514,5.34,0.9
2026-04-14T16:15:00+00:00,MSFT,momentum,buy,68.5337,67.2116,71.1638,4.4923,8.88,1.49
2026-04-14T17:30:00+00:00,MSFT,momentum,buy,71.5843,70.214,74.1652,4.3676,8.63,1.44
2026-04-15T10:15:00+00:00,MSFT,momentum,sell,65.7368,67.1475,63.2626,4.2688,8.29,1.38
2026-04-15T11:30:00+00:00,MSFT,momentum,sell,63.2374,64.4407,63.25,5.0448,3.0,0.49
2026-04-15T16:15:00+00:00,MSFT,momentum,buy,69.2138,67.3113,72.7155,3.1884,8.62,1.42
2026-04-15T19:00:00+00:00,MSFT,momentum,buy,72.7445,71.032,76.0948,3.5718,9.04,1.48
2026-04-16T04:15:00+00:00,MSFT,momentum,buy,79.856,78.5132,82.5249,4.6053,9.24,1.49
2026-04-16T06:00:00+00:00,MSFT,momentum,buy,82.6365,81.2863,82.62,4.6159,3.08,0.49
2026-04-16T10:15:00+00:00,MSFT,momentum,sell,75.045,76.5008,72.1478,4.2837,9.32,1.5
2026-04-16T11:30:00+00:00,MSFT,momentum,sell,71.2657,73.0622,67.8836,3.4892,9.03,1.44
2026-04-17T04:15:00+00:00,MSFT,momentum,buy,81.5563,80.0693,84.5134,4.259,9.46,1.49
2026-04-17T05:30:00+00:00,MSFT,momentum,buy,84.827,83.3012,87.6525,4.1828,9.1,1.43
2026-04-17T11:30:00+00:00,MSFT,momentum,sell,83.4133,84.8817,80.6561,4.3786,9.25,1.44
2026-04-17T23:15:00+00:00,MSFT,momentum,sell,75.225,76.3304,76.3456,5.8721,-6.58,-1.01
2026-04-18T04:15:00+00:00,MSFT,momentum,buy,81.9764,80.0992,85.4829,3.4232,9.21,1.43
2026-04-18T07:00:00+00:00,MSFT,momentum,buy,85.5171,83.8399,88.8538,3.8646,9.69,1.49
2026-04-18T22:15:00+00:00,MSFT,momentum,sell,80.2839,81.9042,77.4455,4.0294,8.98,1.38
2026-04-19T00:30:00+00:00,MSFT,momentum,sell,77.4145,78.8166,77.43,4.6945,3.25,0.49
2026-04-19T04:15:00+00:00,MSFT,momentum,buy,82.2765,80.4384,85.6629,3.5822,9.36,1.42
2026-04-19T05:45:00+00:00,MSFT,momentum,buy,85.6971,84.0693,88.935,4.0803,9.93,1.49
2026-04-19T16:15:00+00:00,MSFT,momentum,buy,93.9788,92.4782,96.7806,4.4688,9.61,1.43
2026-04-19T19:00:00+00:00,MSFT,momentum,buy,96.8194,95.3111,96.8,4.4798,3.33,0.49
2026-04-20T06:45:00+00:00,MSFT,momentum,buy,87.0874,85.5855,89.902,4.5042,9.72,1.44
2026-04-20T16:30:00+00:00,MSFT,momentum,buy,95.259,93.2563,99.2447,3.3952,10.17,1.5
2026-04-20T20:00:00+00:00,MSFT,momentum,buy,100.12,98.3834,103.4293,3.9532,9.97,1.45
2026-04-21T01:00:00+00:00,MSFT,momentum,sell,96.5907,98.235,93.3207,4.2067,10.34,1.49
2026-04-21T11:15:00+00:00,MSFT,momentum,sell,89.2322,90.5658,89.25,5.2343,3.44,0.49
2026-04-21T16:15:00+00:00,MSFT,momentum,buy,95.099,93.3062,98.4203,3.8925,9.95,1.43
2026-04-21T18:30:00+00:00,MSFT,momentum,buy,98.4597,96.7376,101.8396,4.085,10.42,1.48
2026-04-22T05:15:00+00:00,MSFT,momentum,buy,104.5309,103.0817,103.061,4.9053,-7.21,-1.01
2026-04-22T10:00:00+00:00,MSFT,momentum,sell,94.841,96.3503,93.3887,4.6773,6.93,0.98
2026-04-14T16:15:00+00:00,AMD,momentum,buy,53.2306,52.2291,55.2227,7.0695,10.58,1.49
2026-04-14T17:15:00+00:00,AMD,momentum,buy,55.6011,54.4934,57.6785,6.4364,10.25,1.44
2026-04-15T10:15:00+00:00,AMD,momentum,sell,46.0008,46.8468,44.3176,8.4956,10.74,1.49
2026-04-15T11:45:00+00:00,AMD,momentum,sell,43.7812,44.6614,43.79,8.2203,3.58,0.5
2026-04-15T16:15:00+00:00,AMD,momentum,buy,48.2296,46.8626,50.7398,5.29,10.26,1.42
2026-04-15T18:00:00+00:00,AMD,momentum,buy,50.7602,49.7553,52.7394,7.2707,10.85,1.48
2026-04-16T04:30:00+00:00,AMD,momentum,buy,56.3913,55.2715,58.6192,6.5731,11.0,1.49
2026-04-16T05:15:00+00:00,AMD,momentum,buy,59.0118,58.0246,58.013,7.5264,-7.52,-1.01
2026-04-16T10:15:00+00:00,AMD,momentum,sell,48.3103,49.7942,45.3517,4.9545,11.01,1.5
2026-04-16T11:45:00+00:00,AMD,momentum,sell,45.171,46.8368,41.8477,4.4416,11.08,1.5
2026-04-17T04:15:00+00:00,AMD,momentum,buy,51.1302,49.8251,53.7297,5.7259,11.18,1.5
2026-04-17T08:45:00+00:00,AMD,momentum,buy,54.2809,52.7977,56.2987,5.0737,8.88,1.18
2026-04-17T11:00:00+00:00,AMD,momentum,sell,51.6397,52.7616,49.4057,6.7603,11.34,1.5
2026-04-17T23:15:00+00:00,AMD,momentum,sell,41.7616,42.4358,41.77,11.3713,3.79,0.49
2026-04-18T04:15:00+00:00,AMD,momentum,buy,45.5491,44.5982,47.4414,8.0595,11.46,1.5
2026-04-18T05:45:00+00:00,AMD,momentum,buy,47.9696,46.8326,50.2335,6.7835,11.53,1.5
2026-04-18T22:30:00+00:00,AMD,momentum,sell,38.5523,39.9897,35.6845,5.3893,11.6,1.5
2026-04-18T23:45:00+00:00,AMD,momentum,sell,35.3129,36.11,36.1173,9.8262,-7.9,-1.01
2026-04-19T04:15:00+00:00,AMD,momentum,buy,40.128,38.693,42.7714,5.4126,11.04,1.42
2026-04-19T05:00:00+00:00,AMD,momentum,buy,42.7886,41.8252,44.6911,8.1469,11.67,1.49
2026-04-19T16:30:00+00:00,AMD,momentum,buy,48.9898,47.5608,51.8374,5.5223,11.81,1.5
2026-04-19T18:00:00+00:00,AMD,momentum,buy,52.0604,51.062,51.0518,7.9924,-8.06,-1.01
2026-04-20T16:15:00+00:00,AMD,momentum,buy,43.2687,41.905,45.7908,5.7977,11.26,1.42
2026-04-20T17:15:00+00:00,AMD,momentum,buy,45.8092,44.8276,47.7626,8.1373,11.94,1.5
2026-04-20T23:45:00+00:00,AMD,momentum,sell,44.3211,45.293,42.386,8.2787,12.03,1.5
2026-04-21T10:30:00+00:00,AMD,momentum,sell,34.5431,35.2479,33.1401,11.509,12.13,1.5
2026-04-21T11:15:00+00:00,AMD,momentum,sell,32.4835,33.3431,33.3498,9.4858,-8.22,-1.01
2026-04-21T16:15:00+00:00,AMD,momentum,buy,37.7475,36.7579,39.7189,8.1982,12.14,1.5
2026-04-21T18:30:00+00:00,AMD,momentum,buy,40.228,39.0322,42.5315,6.8296,11.95,1.46
2026-04-22T10:00:00+00:00,AMD,momentum,sell,31.9936,33.5236,30.6561,5.3637,7.17,0.87
2026-03-26T13:45:00+00:00,AAPL,momentum,sell,252.1096,253.2816,252.16,3.9657,2.22,0.48
2026-03-26T17:00:00+00:00,AAPL,momentum,buy,255.9612,254.2428,255.2189,3.0057,-2.23,-0.43
2026-03-26T20:15:00+00:00,AAPL,momentum,sell,252.5495,254.3543,254.4052,2.8501,-5.29,-1.03
2026-03-30T16:30:00+00:00,AAPL,momentum,sell,247.3955,251.3568,247.0194,1.2714,0.48,0.09
2026-04-01T14:15:00+00:00,AAPL,momentum,buy,253.2606,251.0109,254.1342,2.2627,3.53,0.69
2026-04-02T12:00:00+00:00,AAPL,momentum,buy,255.9112,254.7465,254.6956,3.9033,-4.74,-1.04
2026-04-02T14:30:00+00:00,AAPL,momentum,sell,250.7798,255.3568,254.0008,1.0979,-3.54,-0.7
2026-04-06T13:45:00+00:00,AAPL,momentum,buy,255.9412,254.1929,259.3858,2.9181,7.58,1.49
2026-04-07T16:00:00+00:00,AAPL,momentum,sell,250.2299,257.1312,249.2648,0.7283,0.7,0.14
2026-04-08T12:45:00+00:00,AAPL,momentum,buy,253.6407,251.4249,258.0208,2.3063,7.61,1.49
2026-04-13T16:15:00+00:00,AAPL,momentum,sell,257.8534,260.7753,257.8666,1.753,-0.02,-0.0
2026-04-14T14:15:00+00:00,AAPL,momentum,buy,259.1818,256.951,259.13,2.3091,2.52,0.49
2026-04-15T17:45:00+00:00,AAPL,momentum,buy,263.0126,260.557,264.3871,2.0991,4.02,0.78
2026-04-16T13:30:00+00:00,AAPL,momentum,buy,266.3633,265.0358,264.9827,3.8032,-5.25,-1.04
2026-04-17T17:15:00+00:00,AAPL,momentum,buy,271.6543,269.5544,270.5259,2.4629,-2.78,-0.54
2026-04-20T15:00:00+00:00,AAPL,momentum,buy,272.4545,269.6542,271.9256,1.8297,-0.97,-0.19
2026-04-21T18:00:00+00:00,AAPL,momentum,sell,266.1068,267.8479,266.8834,2.9735,-2.31,-0.45
2026-03-24T18:00:00+00:00,MSFT,momentum,sell,376.0348,383.366,374.0048,0.6901,1.4,0.28
2026-03-26T14:30:00+00:00,MSFT,momentum,buy,373.8097,370.666,370.9908,1.634,-4.61,-0.9
2026-03-27T12:00:00+00:00,MSFT,momentum,sell,368.1863,371.0052,362.6212,1.8183,7.62,1.49
2026-03-27T15:15:00+00:00,MSFT,momentum,sell,359.0082,363.3561,360.4621,1.1762,-1.71,-0.33
2026-03-30T16:15:00+00:00,MSFT,momentum,buy,364.983,362.5314,362.4589,2.111,-5.33,-1.03
2026-04-06T13:30:00+00:00,MSFT,momentum,buy,372.6345,369.8331,369.7591,1.8316,-5.27,-1.03
2026-04-07T15:45:00+00:00,MSFT,momentum,sell,370.3459,372.3836,369.2938,2.5301,3.91,0.76
2026-04-08T13:30:00+00:00,MSFT,momentum,buy,372.4745,369.8231,377.7016,1.9356,7.62,1.49
2026-04-08T19:45:00+00:00,MSFT,momentum,sell,371.4157,373.4713,373.546,2.5366,-5.4,-1.04
2026-04-09T15:45:00+00:00,MSFT,momentum,sell,369.706,373.3661,370.294,1.3939,-0.82,-0.16
2026-04-13T19:30:00+00:00,MSFT,momentum,buy,374.5049,370.3917,382.5685,1.2368,7.53,1.48
2026-04-14T12:45:00+00:00,MSFT,momentum,buy,384.4069,381.7034,389.7359,1.9159,7.69,1.49
2026-04-14T15:00:00+00:00,MSFT,momentum,buy,392.7785,385.6235,390.3719,0.7166,-1.72,-0.34
2026-04-15T19:45:00+00:00,MSFT,momentum,buy,402.1404,395.7681,411.2177,0.8046,6.22,1.21
2026-04-17T16:45:00+00:00,MSFT,momentum,buy,428.2956,424.945,426.9446,1.56,-2.11,-0.4
2026-04-21T17:00:00+00:00,MSFT,momentum,buy,423.8498,419.1744,424.4651,1.1072,0.68,0.13
2026-03-25T19:30:00+00:00,AMD,momentum,buy,216.4933,205.894,219.5761,0.4818,1.49,0.29
2026-03-27T13:30:00+00:00,AMD,momentum,sell,203.6993,204.8108,201.8504,4.757,7.04,1.33
2026-03-30T19:45:00+00:00,AMD,momentum,sell,193.2213,194.6654,194.7044,3.6492,-5.41,-1.03
2026-04-01T17:30:00+00:00,AMD,momentum,buy,210.7821,208.5673,211.9376,2.3481,3.96,0.76
2026-04-06T13:30:00+00:00,AMD,momentum,buy,217.0784,215.6994,219.7925,3.8346,7.85,1.48
2026-04-06T15:30:00+00:00,AMD,momentum,buy,224.855,217.1458,219.906,0.6734,-3.33,-0.64
2026-04-08T13:00:00+00:00,AMD,momentum,buy,221.6543,218.6021,227.7132,1.7102,7.79,1.49
2026-04-10T15:45:00+00:00,AMD,momentum,buy,245.7891,236.4574,245.121,0.5584,-0.37,-0.07
2026-04-15T13:00:00+00:00,AMD,momentum,buy,255.251,253.9036,253.8529,3.9968,-5.59,-1.04
2026-04-16T13:30:00+00:00,AMD,momentum,buy,258.1666,256.0283,262.3907,2.4696,7.86,1.49
2026-04-16T15:45:00+00:00,AMD,momentum,buy,271.0042,267.5993,277.7584,1.5497,7.87,1.49
2026-04-14T17:15:00+00:00,AAPL,momentum,buy,backtest,target_or_structure,round_trip,69.9048,4.1145,71.12,71.12,73.60629,0.088823,0.177646,7.61,1.49,,,4.1145,0.0,,entry=71.148448
2026-04-14T18:30:00+00:00,AAPL,momentum,buy,backtest,target_or_structure,round_trip,72.348675,3.8715,73.65,73.65,76.109544,0.086504,0.173008,7.28,1.41,,,3.8715,0.0,,entry=73.67946
2026-04-15T17:30:00+00:00,AAPL,momentum,buy,backtest,target_or_structure,round_trip,70.313775,2.9396,72.04,72.04,75.548666,0.064571,0.129142,7.69,1.49,,,2.9396,0.0,,entry=72.068816
2026-04-15T20:45:00+00:00,AAPL,momentum,buy,backtest,target_or_structure,round_trip,74.59305,3.7959,75.94,75.94,78.658524,0.087521,0.175043,7.72,1.48,,,3.7959,0.0,,entry=75.970376
2026-04-16T19:30:00+00:00,AAPL,momentum,buy,backtest,target_or_structure,round_trip,73.9347,3.8293,75.28,75.28,78.029712,0.087547,0.175093,7.84,1.49,,,3.8293,0.0,,entry=75.310112
2026-04-19T17:30:00+00:00,AAPL,momentum,buy,backtest,target_or_structure,round_trip,94.2039,3.5165,95.68,95.68,98.707517,0.102015,0.20403,7.92,1.49,,,3.5165,0.0,,entry=95.718272
2026-04-19T19:30:00+00:00,AAPL,momentum,buy,backtest,target_or_structure,round_trip,97.745025,3.7765,99.13,99.13,98.11074,0.149006,0.298011,-4.0,-0.74,,,3.7765,0.0,,entry=99.169652
2026-04-20T17:15:00+00:00,AAPL,momentum,buy,backtest,target_or_structure,round_trip,94.58295,3.3038,96.16,96.16,98.980392,0.096253,0.192506,7.26,1.36,,,3.3038,0.0,,entry=96.198464
2026-04-20T18:30:00+00:00,AAPL,momentum,buy,backtest,target_or_structure,round_trip,97.525575,3.5108,99.02,99.02,101.80926,0.105285,0.210571,7.52,1.4,,,3.5108,0.0,,entry=99.059608
2026-04-21T17:15:00+00:00,AAPL,momentum,buy,backtest,target_or_structure,round_trip,94.563,3.4833,96.08,96.08,99.189604,0.101501,0.203001,8.06,1.49,,,3.4833,0.0,,entry=96.118432
2026-04-21T19:45:00+00:00,AAPL,momentum,buy,backtest,target_or_structure,round_trip,97.755,3.3174,99.36,99.36,102.35904,0.099894,0.199787,7.64,1.4,,,3.3174,0.0,,entry=99.399744
2026-04-14T17:15:00+00:00,MSFT,momentum,buy,backtest,target_or_structure,round_trip,47.22165,4.1304,48.52,48.52,51.154454,0.061219,0.122437,8.12,1.49,,,4.1304,0.0,,entry=48.539408
2026-04-14T18:30:00+00:00,MSFT,momentum,buy,backtest,target_or_structure,round_trip,50.383725,4.5548,51.57,51.57,53.982832,0.071576,0.143152,8.2,1.49,,,4.5548,0.0,,entry=51.590628
2026-04-15T17:30:00+00:00,MSFT,momentum,buy,backtest,target_or_structure,round_trip,47.30145,2.8676,49.2,49.2,53.034918,0.043432,0.086863,8.22,1.49,,,2.8676,0.0,,entry=49.21968
2026-04-15T21:00:00+00:00,MSFT,momentum,buy,backtest,target_or_structure,round_trip,52.9074,3.829,54.34,54.34,57.087156,0.063481,0.126962,8.0,1.44,,,3.829,0.0,,entry=54.361736
2026-04-16T19:15:00+00:00,MSFT,momentum,buy,backtest,target_or_structure,round_trip,52.338825,4.1198,53.68,53.68,56.404195,0.067477,0.134954,8.37,1.49,,,4.1198,0.0,,entry=53.701472
2026-04-19T17:15:00+00:00,MSFT,momentum,buy,backtest,target_or_structure,round_trip,72.647925,4.2431,73.96,73.96,76.642233,0.095296,0.190592,8.47,1.49,,,4.2431,0.0,,entry=73.989584
2026-04-19T20:00:00+00:00,MSFT,momentum,buy,backtest,stop_loss,round_trip,75.480825,4.2524,76.8,76.8,76.799988,0.097988,0.195977,2.8,0.49,,,4.2524,0.0,,entry=76.83072
2026-04-20T17:30:00+00:00,MSFT,momentum,buy,backtest,target_or_structure,round_trip,73.246425,2.8209,75.24,75.24,79.285711,0.064824,0.129649,8.52,1.49,,,2.8209,0.0,,entry=75.270096
2026-04-20T20:45:00+00:00,MSFT,momentum,buy,backtest,target_or_structure,round_trip,78.553125,3.663,80.1,80.1,83.006784,0.089099,0.178198,8.16,1.41,,,3.663,0.0,,entry=80.13204
2026-04-21T17:15:00+00:00,MSFT,momentum,buy,backtest,target_or_structure,round_trip,73.2963,3.1995,75.08,75.08,78.408624,0.07314,0.14628,8.18,1.41,,,3.1995,0.0,,entry=75.110032
2026-04-21T19:00:00+00:00,MSFT,momentum,buy,backtest,target_or_structure,round_trip,76.8474,3.6091,78.44,78.44,81.537372,0.086058,0.172116,8.46,1.44,,,3.6091,0.0,,entry=78.471376
2026-04-14T17:15:00+00:00,AMD,momentum,buy,backtest,target_or_structure,round_trip,42.303975,6.321,43.22,43.22,45.085872,0.083149,0.166298,8.79,1.49,,,6.321,0.0,,entry=43.237288
2026-04-14T18:30:00+00:00,AMD,momentum,buy,backtest,target_or_structure,round_trip,44.478525,5.249,45.59,45.59,47.848511,0.072986,0.145972,8.84,1.49,,,5.249,0.0,,entry=45.608236
2026-04-15T17:30:00+00:00,AMD,momentum,buy,backtest,target_or_structure,round_trip,36.857625,4.3148,38.22,38.22,40.974218,0.050669,0.101338,8.88,1.49,,,4.3148,0.0,,entry=38.235288
2026-04-15T20:15:00+00:00,AMD,momentum,buy,backtest,target_or_structure,round_trip,40.887525,5.8498,41.9,41.9,43.922424,0.074725,0.149451,8.88,1.47,,,5.8498,0.0,,entry=41.91676
2026-04-16T21:15:00+00:00,AMD,momentum,buy,backtest,target_or_structure,round_trip,34.583325,4.0964,36.04,36.04,38.914428,0.045474,0.090948,8.87,1.47,,,4.0964,0.0,,entry=36.054416
2026-04-19T17:30:00+00:00,AMD,momentum,buy,backtest,target_or_structure,round_trip,37.555875,4.2212,38.98,38.98,41.858276,0.050585,0.10117,9.08,1.49,,,4.2212,0.0,,entry=38.995592
2026-04-19T19:00:00+00:00,AMD,momentum,buy,backtest,stop_loss,round_trip,41.03715,5.9801,42.05,42.05,41.020735,0.099374,0.198748,-6.26,-1.02,,,5.9801,0.0,,entry=42.06682
2026-04-20T17:15:00+00:00,AMD,momentum,buy,backtest,target_or_structure,round_trip,31.90005,4.4308,33.26,33.26,35.78568,0.045336,0.090672,8.61,1.41,,,4.4308,0.0,,entry=33.273304
2026-04-20T18:00:00+00:00,AMD,momentum,buy,backtest,target_or_structure,round_trip,34.9125,6.8379,35.8,35.8,37.58496,0.074669,0.149339,9.14,1.48,,,6.8379,0.0,,entry=35.81432
2026-04-21T17:15:00+00:00,AMD,momentum,buy,backtest,target_or_structure,round_trip,26.75295,6.1946,27.74,27.74,29.735489,0.052795,0.10559,9.24,1.49,,,6.1946,0.0,,entry=27.751096
2026-04-21T19:45:00+00:00,AMD,momentum,buy,backtest,target_or_structure,round_trip,28.997325,5.0386,30.22,30.22,32.688533,0.04693,0.093861,9.3,1.49,,,5.0386,0.0,,entry=30.232088
2026-04-14T17:15:00+00:00,AAPL,momentum,buy,backtest,target_or_structure,round_trip,69.9048,4.1145,71.12,71.12,73.60629,0.088823,0.177646,7.61,1.49,,,4.1145,0.0,,entry=71.148448
2026-04-14T18:30:00+00:00,AAPL,momentum,buy,backtest,target_or_structure,round_trip,72.348675,3.8715,73.65,73.65,76.109544,0.086504,0.173008,7.28,1.41,,,3.8715,0.0,,entry=73.67946
2026-04-15T17:30:00+00:00,AAPL,momentum,buy,backtest,target_or_structure,round_trip,70.313775,2.9396,72.04,72.04,75.548666,0.064571,0.129142,7.69,1.49,,,2.9396,0.0,,entry=72.068816
2026-04-15T20:45:00+00:00,AAPL,momentum,buy,backtest,target_or_structure,round_trip,74.59305,3.7959,75.94,75.94,78.658524,0.087521,0.175043,7.72,1.48,,,3.7959,0.0,,entry=75.970376
2026-04-16T19:30:00+00:00,AAPL,momentum,buy,backtest,target_or_structure,round_trip,73.9347,3.8293,75.28,75.28,78.029712,0.087547,0.175093,7.84,1.49,,,3.8293,0.0,,entry=75.310112
2026-04-19T17:30:00+00:00,AAPL,momentum,buy,backtest,target_or_structure,round_trip,94.2039,3.5165,95.68,95.68,98.707517,0.102015,0.20403,7.92,1.49,,,3.5165,0.0,,entry=95.718272
2026-04-19T19:30:00+00:00,AAPL,momentum,buy,backtest,target_or_structure,round_trip,97.745025,3.7765,99.13,99.13,98.11074,0.149006,0.298011,-4.0,-0.74,,,3.7765,0.0,,entry=99.169652
2026-04-20T17:15:00+00:00,AAPL,momentum,buy,backtest,target_or_structure,round_trip,94.58295,3.3038,96.16,96.16,98.980392,0.096253,0.192506,7.26,1.36,,,3.3038,0.0,,entry=96.198464
2026-04-20T18:30:00+00:00,AAPL,momentum,buy,backtest,target_or_structure,round_trip,97.525575,3.5108,99.02,99.02,101.80926,0.105285,0.210571,7.52,1.4,,,3.5108,0.0,,entry=99.059608
2026-04-21T17:15:00+00:00,AAPL,momentum,buy,backtest,target_or_structure,round_trip,94.563,3.4833,96.08,96.08,99.189604,0.101501,0.203001,8.06,1.49,,,3.4833,0.0,,entry=96.118432
2026-04-21T19:45:00+00:00,AAPL,momentum,buy,backtest,target_or_structure,round_trip,97.755,3.3174,99.36,99.36,102.35904,0.099894,0.199787,7.64,1.4,,,3.3174,0.0,,entry=99.399744
2026-04-14T17:15:00+00:00,MSFT,momentum,buy,backtest,target_or_structure,round_trip,47.22165,4.1304,48.52,48.52,51.154454,0.061219,0.122437,8.12,1.49,,,4.1304,0.0,,entry=48.539408
2026-04-14T18:30:00+00:00,MSFT,momentum,buy,backtest,target_or_structure,round_trip,50.383725,4.5548,51.57,51.57,53.982832,0.071576,0.143152,8.2,1.49,,,4.5548,0.0,,entry=51.590628
2026-04-15T17:30:00+00:00,MSFT,momentum,buy,backtest,target_or_structure,round_trip,47.30145,2.8676,49.2,49.2,53.034918,0.043432,0.086863,8.22,1.49,,,2.8676,0.0,,entry=49.21968
2026-04-15T21:00:00+00:00,MSFT,momentum,buy,backtest,target_or_structure,round_trip,52.9074,3.829,54.34,54.34,57.087156,0.063481,0.126962,8.0,1.44,,,3.829,0.0,,entry=54.361736
2026-04-16T19:15:00+00:00,MSFT,momentum,buy,backtest,target_or_structure,round_trip,52.338825,4.1198,53.68,53.68,56.404195,0.067477,0.134954,8.37,1.49,,,4.1198,0.0,,entry=53.701472
2026-04-19T17:15:00+00:00,MSFT,momentum,buy,backtest,target_or_structure,round_trip,72.647925,4.2431,73.96,73.96,76.642233,0.095296,0.190592,8.47,1.49,,,4.2431,0.0,,entry=73.989584
2026-04-19T20:00:00+00:00,MSFT,momentum,buy,backtest,stop_loss,round_trip,75.480825,4.2524,76.8,76.8,76.799988,0.097988,0.195977,2.8,0.49,,,4.2524,0.0,,entry=76.83072
2026-04-20T17:30:00+00:00,MSFT,momentum,buy,backtest,target_or_structure,round_trip,73.246425,2.8209,75.24,75.24,79.285711,0.064824,0.129649,8.52,1.49,,,2.8209,0.0,,entry=75.270096
2026-04-20T20:45:00+00:00,MSFT,momentum,buy,backtest,target_or_structure,round_trip,78.553125,3.663,80.1,80.1,83.006784,0.089099,0.178198,8.16,1.41,,,3.663,0.0,,entry=80.13204
2026-04-21T17:15:00+00:00,MSFT,momentum,buy,backtest,target_or_structure,round_trip,73.2963,3.1995,75.08,75.08,78.408624,0.07314,0.14628,8.18,1.41,,,3.1995,0.0,,entry=75.110032
2026-04-21T19:00:00+00:00,MSFT,momentum,buy,backtest,target_or_structure,round_trip,76.8474,3.6091,78.44,78.44,81.537372,0.086058,0.172116,8.46,1.44,,,3.6091,0.0,,entry=78.471376
2026-04-14T17:15:00+00:00,AMD,momentum,buy,backtest,target_or_structure,round_trip,42.303975,6.321,43.22,43.22,45.085872,0.083149,0.166298,8.79,1.49,,,6.321,0.0,,entry=43.237288
2026-04-14T18:30:00+00:00,AMD,momentum,buy,backtest,target_or_structure,round_trip,44.478525,5.249,45.59,45.59,47.848511,0.072986,0.145972,8.84,1.49,,,5.249,0.0,,entry=45.608236
2026-04-15T17:30:00+00:00,AMD,momentum,buy,backtest,target_or_structure,round_trip,36.857625,4.3148,38.22,38.22,40.974218,0.050669,0.101338,8.88,1.49,,,4.3148,0.0,,entry=38.235288
2026-04-15T20:15:00+00:00,AMD,momentum,buy,backtest,target_or_structure,round_trip,40.887525,5.8498,41.9,41.9,43.922424,0.074725,0.149451,8.88,1.47,,,5.8498,0.0,,entry=41.91676
2026-04-16T21:15:00+00:00,AMD,momentum,buy,backtest,target_or_structure,round_trip,34.583325,4.0964,36.04,36.04,38.914428,0.045474,0.090948,8.87,1.47,,,4.0964,0.0,,entry=36.054416
2026-04-19T17:30:00+00:00,AMD,momentum,buy,backtest,target_or_structure,round_trip,37.555875,4.2212,38.98,38.98,41.858276,0.050585,0.10117,9.08,1.49,,,4.2212,0.0,,entry=38.995592
2026-04-19T19:00:00+00:00,AMD,momentum,buy,backtest,stop_loss,round_trip,41.03715,5.9801,42.05,42.05,41.020735,0.099374,0.198748,-6.26,-1.02,,,5.9801,0.0,,entry=42.06682
2026-04-20T17:15:00+00:00,AMD,momentum,buy,backtest,target_or_structure,round_trip,31.90005,4.4308,33.26,33.26,35.78568,0.045336,0.090672,8.61,1.41,,,4.4308,0.0,,entry=33.273304
2026-04-20T18:00:00+00:00,AMD,momentum,buy,backtest,target_or_structure,round_trip,34.9125,6.8379,35.8,35.8,37.58496,0.074669,0.149339,9.14,1.48,,,6.8379,0.0,,entry=35.81432
2026-04-21T17:15:00+00:00,AMD,momentum,buy,backtest,target_or_structure,round_trip,26.75295,6.1946,27.74,27.74,29.735489,0.052795,0.10559,9.24,1.49,,,6.1946,0.0,,entry=27.751096
2026-04-21T19:45:00+00:00,AMD,momentum,buy,backtest,target_or_structure,round_trip,28.997325,5.0386,30.22,30.22,32.688533,0.04693,0.093861,9.3,1.49,,,5.0386,0.0,,entry=30.232088
2026-04-14T17:15:00+00:00,AAPL,momentum,buy,backtest,target_or_structure,round_trip,69.9048,4.1145,71.12,71.12,73.60629,0.088823,0.177646,7.61,1.49,,,4.1145,0.0,,entry=71.148448
2026-04-14T18:30:00+00:00,AAPL,momentum,buy,backtest,target_or_structure,round_trip,72.348675,3.8715,73.65,73.65,76.109544,0.086504,0.173008,7.28,1.41,,,3.8715,0.0,,entry=73.67946
2026-04-15T17:30:00+00:00,AAPL,momentum,buy,backtest,target_or_structure,round_trip,70.313775,2.9396,72.04,72.04,75.548666,0.064571,0.129142,7.69,1.49,,,2.9396,0.0,,entry=72.068816
2026-04-15T20:45:00+00:00,AAPL,momentum,buy,backtest,target_or_structure,round_trip,74.59305,3.7959,75.94,75.94,78.658524,0.087521,0.175043,7.72,1.48,,,3.7959,0.0,,entry=75.970376
2026-04-16T19:30:00+00:00,AAPL,momentum,buy,backtest,target_or_structure,round_trip,73.9347,3.8293,75.28,75.28,78.029712,0.087547,0.175093,7.84,1.49,,,3.8293,0.0,,entry=75.310112
2026-04-19T17:30:00+00:00,AAPL,momentum,buy,backtest,target_or_structure,round_trip,94.2039,3.5165,95.68,95.68,98.707517,0.102015,0.20403,7.92,1.49,,,3.5165,0.0,,entry=95.718272
2026-04-19T19:30:00+00:00,AAPL,momentum,buy,backtest,target_or_structure,round_trip,97.745025,3.7765,99.13,99.13,98.11074,0.149006,0.298011,-4.0,-0.74,,,3.7765,0.0,,entry=99.169652
2026-04-20T17:15:00+00:00,AAPL,momentum,buy,backtest,target_or_structure,round_trip,94.58295,3.3038,96.16,96.16,98.980392,0.096253,0.192506,7.26,1.36,,,3.3038,0.0,,entry=96.198464
2026-04-20T18:30:00+00:00,AAPL,momentum,buy,backtest,target_or_structure,round_trip,97.525575,3.5108,99.02,99.02,101.80926,0.105285,0.210571,7.52,1.4,,,3.5108,0.0,,entry=99.059608
2026-04-21T17:15:00+00:00,AAPL,momentum,buy,backtest,target_or_structure,round_trip,94.563,3.4833,96.08,96.08,99.189604,0.101501,0.203001,8.06,1.49,,,3.4833,0.0,,entry=96.118432
2026-04-21T19:45:00+00:00,AAPL,momentum,buy,backtest,target_or_structure,round_trip,97.755,3.3174,99.36,99.36,102.35904,0.099894,0.199787,7.64,1.4,,,3.3174,0.0,,entry=99.399744
2026-04-14T17:15:00+00:00,MSFT,momentum,buy,backtest,target_or_structure,round_trip,47.22165,4.1304,48.52,48.52,51.154454,0.061219,0.122437,8.12,1.49,,,4.1304,0.0,,entry=48.539408
2026-04-14T18:30:00+00:00,MSFT,momentum,buy,backtest,target_or_structure,round_trip,50.383725,4.5548,51.57,51.57,53.982832,0.071576,0.143152,8.2,1.49,,,4.5548,0.0,,entry=51.590628
2026-04-15T17:30:00+00:00,MSFT,momentum,buy,backtest,target_or_structure,round_trip,47.30145,2.8676,49.2,49.2,53.034918,0.043432,0.086863,8.22,1.49,,,2.8676,0.0,,entry=49.21968
2026-04-15T21:00:00+00:00,MSFT,momentum,buy,backtest,target_or_structure,round_trip,52.9074,3.829,54.34,54.34,57.087156,0.063481,0.126962,8.0,1.44,,,3.829,0.0,,entry=54.361736
2026-04-16T19:15:00+00:00,MSFT,momentum,buy,backtest,target_or_structure,round_trip,52.338825,4.1198,53.68,53.68,56.404195,0.067477,0.134954,8.37,1.49,,,4.1198,0.0,,entry=53.701472
2026-04-19T17:15:00+00:00,MSFT,momentum,buy,backtest,target_or_structure,round_trip,72.647925,4.2431,73.96,73.96,76.642233,0.095296,0.190592,8.47,1.49,,,4.2431,0.0,,entry=73.989584
2026-04-19T20:00:00+00:00,MSFT,momentum,buy,backtest,stop_loss,round_trip,75.480825,4.2524,76.8,76.8,76.799988,0.097988,0.195977,2.8,0.49,,,4.2524,0.0,,entry=76.83072
2026-04-20T17:30:00+00:00,MSFT,momentum,buy,backtest,target_or_structure,round_trip,73.246425,2.8209,75.24,75.24,79.285711,0.064824,0.129649,8.52,1.49,,,2.8209,0.0,,entry=75.270096
2026-04-20T20:45:00+00:00,MSFT,momentum,buy,backtest,target_or_structure,round_trip,78.553125,3.663,80.1,80.1,83.006784,0.089099,0.178198,8.16,1.41,,,3.663,0.0,,entry=80.13204
2026-04-21T17:15:00+00:00,MSFT,momentum,buy,backtest,target_or_structure,round_trip,73.2963,3.1995,75.08,75.08,78.408624,0.07314,0.14628,8.18,1.41,,,3.1995,0.0,,entry=75.110032
2026-04-21T19:00:00+00:00,MSFT,momentum,buy,backtest,target_or_structure,round_trip,76.8474,3.6091,78.44,78.44,81.537372,0.086058,0.172116,8.46,1.44,,,3.6091,0.0,,entry=78.471376
2026-04-14T17:15:00+00:00,AMD,momentum,buy,backtest,target_or_structure,round_trip,42.303975,6.321,43.22,43.22,45.085872,0.083149,0.166298,8.79,1.49,,,6.321,0.0,,entry=43.237288
2026-04-14T18:30:00+00:00,AMD,momentum,buy,backtest,target_or_structure,round_trip,44.478525,5.249,45.59,45.59,47.848511,0.072986,0.145972,8.84,1.49,,,5.249,0.0,,entry=45.608236
2026-04-15T17:30:00+00:00,AMD,momentum,buy,backtest,target_or_structure,round_trip,36.857625,4.3148,38.22,38.22,40.974218,0.050669,0.101338,8.88,1.49,,,4.3148,0.0,,entry=38.235288
2026-04-15T20:15:00+00:00,AMD,momentum,buy,backtest,target_or_structure,round_trip,40.887525,5.8498,41.9,41.9,43.922424,0.074725,0.149451,8.88,1.47,,,5.8498,0.0,,entry=41.91676
2026-04-16T21:15:00+00:00,AMD,momentum,buy,backtest,target_or_structure,round_trip,34.583325,4.0964,36.04,36.04,38.914428,0.045474,0.090948,8.87,1.47,,,4.0964,0.0,,entry=36.054416
2026-04-19T17:30:00+00:00,AMD,momentum,buy,backtest,target_or_structure,round_trip,37.555875,4.2212,38.98,38.98,41.858276,0.050585,0.10117,9.08,1.49,,,4.2212,0.0,,entry=38.995592
2026-04-19T19:00:00+00:00,AMD,momentum,buy,backtest,stop_loss,round_trip,41.03715,5.9801,42.05,42.05,41.020735,0.099374,0.198748,-6.26,-1.02,,,5.9801,0.0,,entry=42.06682
2026-04-20T17:15:00+00:00,AMD,momentum,buy,backtest,target_or_structure,round_trip,31.90005,4.4308,33.26,33.26,35.78568,0.045336,0.090672,8.61,1.41,,,4.4308,0.0,,entry=33.273304
2026-04-20T18:00:00+00:00,AMD,momentum,buy,backtest,target_or_structure,round_trip,34.9125,6.8379,35.8,35.8,37.58496,0.074669,0.149339,9.14,1.48,,,6.8379,0.0,,entry=35.81432
2026-04-21T17:15:00+00:00,AMD,momentum,buy,backtest,target_or_structure,round_trip,26.75295,6.1946,27.74,27.74,29.735489,0.052795,0.10559,9.24,1.49,,,6.1946,0.0,,entry=27.751096
2026-04-21T19:45:00+00:00,AMD,momentum,buy,backtest,target_or_structure,round_trip,28.997325,5.0386,30.22,30.22,32.688533,0.04693,0.093861,9.3,1.49,,,5.0386,0.0,,entry=30.232088
2026-04-14T19:15:00+00:00,AAPL,momentum,buy,backtest,target_or_structure,round_trip,69.9048,4.1145,71.12,71.12,73.60629,0.088823,0.177646,7.61,1.49,,,4.1145,0.0,,entry=71.148448
2026-04-14T20:30:00+00:00,AAPL,momentum,buy,backtest,target_or_structure,round_trip,72.348675,3.8715,73.65,73.65,76.109544,0.086504,0.173008,7.28,1.41,,,3.8715,0.0,,entry=73.67946
2026-04-15T13:30:00+00:00,AAPL,momentum,sell,backtest,target_or_structure,round_trip,68.320375,5.0223,67.31,67.31,65.234561,0.100359,0.200718,7.75,1.49,,,5.0223,0.0,,entry=67.283076
2026-04-15T14:30:00+00:00,AAPL,momentum,sell,backtest,stop_loss,round_trip,65.994575,4.7583,64.92,64.92,66.020973,0.124586,0.249172,-5.36,-1.02,,,4.7583,0.0,,entry=64.894032
2026-04-15T19:30:00+00:00,AAPL,momentum,buy,backtest,target_or_structure,round_trip,70.313775,2.9465,72.04,72.04,75.548666,0.064723,0.129447,7.71,1.49,,,2.9465,0.0,,entry=72.068816
2026-04-15T22:45:00+00:00,AAPL,momentum,buy,backtest,target_or_structure,round_trip,74.59305,3.8049,75.94,75.94,78.658524,0.08773,0.175461,7.73,1.48,,,3.8049,0.0,,entry=75.970376
2026-04-16T13:30:00+00:00,AAPL,momentum,sell,backtest,target_or_structure,round_trip,76.61105,3.8219,75.26,75.26,72.496575,0.085224,0.170449,7.86,1.49,,,3.8219,0.0,,entry=75.229896
2026-04-16T18:30:00+00:00,AAPL,momentum,sell,backtest,target_or_structure,round_trip,73.172475,3.6321,71.74,71.74,69.857932,0.077477,0.154954,6.02,1.13,,,3.6321,0.0,,entry=71.711304
2026-04-16T21:30:00+00:00,AAPL,momentum,buy,backtest,target_or_structure,round_trip,73.9347,3.8898,75.28,75.28,78.029712,0.088929,0.177858,7.96,1.49,,,3.8898,0.0,,entry=75.310112
2026-04-17T14:00:00+00:00,AAPL,momentum,sell,backtest,target_or_structure,round_trip,87.167375,3.9134,85.82,85.82,83.303308,0.099756,0.199513,7.56,1.4,,,3.9134,0.0,,entry=85.785672
2026-04-19T19:30:00+00:00,AAPL,momentum,buy,backtest,target_or_structure,round_trip,94.2039,3.5977,95.68,95.68,98.707517,0.104371,0.208742,8.1,1.49,,,3.5977,0.0,,entry=95.718272
2026-04-19T21:30:00+00:00,AAPL,momentum,buy,backtest,target_or_structure,round_trip,97.745025,3.8637,99.13,99.13,98.11074,0.152446,0.304892,-4.09,-0.74,,,3.8637,0.0,,entry=99.169652
2026-04-20T19:15:00+00:00,AAPL,momentum,buy,backtest,target_or_structure,round_trip,94.58295,3.3801,96.16,96.16,98.980392,0.098475,0.19695,7.43,1.36,,,3.3801,0.0,,entry=96.198464
2026-04-20T20:30:00+00:00,AAPL,momentum,buy,backtest,target_or_structure,round_trip,97.525575,3.5919,99.02,99.02,101.80926,0.107719,0.215437,7.69,1.4,,,3.5919,0.0,,entry=99.059608
2026-04-21T14:45:00+00:00,AAPL,momentum,sell,backtest,target_or_structure,round_trip,91.638525,4.8334,90.52,90.52,91.316512,0.175742,0.351485,-4.02,-0.72,,,4.8334,0.0,,entry=90.483792
2026-04-21T19:15:00+00:00,AAPL,momentum,buy,backtest,target_or_structure,round_trip,94.563,3.5505,96.08,96.08,99.189604,0.103459,0.206918,8.21,1.49,,,3.5505,0.0,,entry=96.118432
2026-04-21T21:45:00+00:00,AAPL,momentum,buy,backtest,target_or_structure,round_trip,97.755,3.3814,99.36,99.36,102.35904,0.101821,0.203641,7.78,1.4,,,3.3814,0.0,,entry=99.399744
2026-04-22T13:00:00+00:00,AAPL,momentum,sell,backtest,end_of_data,round_trip,95.25755,3.829,93.83,93.83,93.867532,0.14371,0.28742,-0.29,-0.05,,,3.829,0.0,,entry=93.792468
2026-04-14T19:15:00+00:00,MSFT,momentum,buy,backtest,target_or_structure,round_trip,47.22165,4.2089,48.52,48.52,51.154454,0.062383,0.124765,8.28,1.49,,,4.2089,0.0,,entry=48.539408
2026-04-14T20:30:00+00:00,MSFT,momentum,buy,backtest,target_or_structure,round_trip,50.383725,4.6415,51.57,51.57,53.982832,0.072939,0.145878,8.35,1.49,,,4.6415,0.0,,entry=51.590628
2026-04-15T13:30:00+00:00,MSFT,momentum,sell,backtest,target_or_structure,round_trip,45.61375,5.7565,44.65,44.65,42.685988,0.075968,0.151937,8.43,1.49,,,5.7565,0.0,,entry=44.63214
2026-04-15T14:30:00+00:00,MSFT,momentum,sell,backtest,stop_loss,round_trip,43.1476,6.159,42.24,42.24,43.164859,0.10518,0.210361,-5.8,-1.02,,,6.159,0.0,,entry=42.223104
2026-04-15T19:30:00+00:00,MSFT,momentum,buy,backtest,target_or_structure,round_trip,47.30145,2.9291,49.2,49.2,53.034918,0.044362,0.088725,8.4,1.49,,,2.9291,0.0,,entry=49.21968
2026-04-15T23:00:00+00:00,MSFT,momentum,buy,backtest,target_or_structure,round_trip,52.9074,3.911,54.34,54.34,57.087156,0.06484,0.129681,8.17,1.44,,,3.911,0.0,,entry=54.361736
2026-04-16T13:30:00+00:00,MSFT,momentum,sell,backtest,target_or_structure,round_trip,54.866825,3.6486,53.32,53.32,50.182431,0.057211,0.114422,8.55,1.49,,,3.6486,0.0,,entry=53.298672
2026-04-16T15:45:00+00:00,MSFT,momentum,sell,backtest,target_or_structure,round_trip,51.10745,3.823,49.62,49.62,46.678664,0.055778,0.111555,8.47,1.47,,,3.823,0.0,,entry=49.600152
2026-04-16T21:15:00+00:00,MSFT,momentum,buy,backtest,target_or_structure,round_trip,52.338825,4.2716,53.68,53.68,56.404195,0.069963,0.139926,8.68,1.49,,,4.2716,0.0,,entry=53.701472
2026-04-17T14:30:00+00:00,MSFT,momentum,sell,backtest,target_or_structure,round_trip,64.711375,4.5048,63.43,63.43,60.81545,0.084533,0.169066,8.78,1.49,,,4.5048,0.0,,entry=63.404628
2026-04-19T19:15:00+00:00,MSFT,momentum,buy,backtest,target_or_structure,round_trip,72.647925,4.4328,73.96,73.96,76.642233,0.099558,0.199115,8.85,1.49,,,4.4328,0.0,,entry=73.989584
2026-04-19T22:00:00+00:00,MSFT,momentum,buy,backtest,stop_loss,round_trip,75.480825,4.4425,76.8,76.8,76.799988,0.10237,0.204739,2.93,0.49,,,4.4425,0.0,,entry=76.83072
2026-04-20T19:30:00+00:00,MSFT,momentum,buy,backtest,target_or_structure,round_trip,73.246425,2.947,75.24,75.24,79.285711,0.067721,0.135443,8.9,1.49,,,2.947,0.0,,entry=75.270096
2026-04-20T22:45:00+00:00,MSFT,momentum,buy,backtest,target_or_structure,round_trip,78.553125,3.8268,80.1,80.1,83.006784,0.093083,0.186166,8.52,1.41,,,3.8268,0.0,,entry=80.13204
2026-04-21T14:15:00+00:00,MSFT,momentum,sell,backtest,stop_loss,round_trip,70.39555,5.2047,69.25,69.25,69.249989,0.108114,0.216228,2.98,0.49,,,5.2047,0.0,,entry=69.2223
2026-04-21T19:15:00+00:00,MSFT,momentum,buy,backtest,target_or_structure,round_trip,73.2963,3.351,75.08,75.08,78.408624,0.076604,0.153208,8.57,1.41,,,3.351,0.0,,entry=75.110032
2026-04-21T21:00:00+00:00,MSFT,momentum,buy,backtest,target_or_structure,round_trip,76.8474,3.78,78.44,78.44,81.537372,0.090134,0.180268,8.86,1.44,,,3.78,0.0,,entry=78.471376
2026-04-22T13:00:00+00:00,MSFT,momentum,sell,backtest,end_of_data,round_trip,74.736375,4.4382,73.37,73.37,73.399348,0.130252,0.260505,-0.26,-0.04,,,4.4382,0.0,,entry=73.340652
2026-04-14T19:15:00+00:00,AMD,momentum,buy,backtest,target_or_structure,round_trip,42.303975,6.6188,43.22,43.22,45.085872,0.087066,0.174133,9.21,1.49,,,6.6188,0.0,,entry=43.237288
2026-04-14T20:30:00+00:00,AMD,momentum,buy,backtest,target_or_structure,round_trip,44.478525,5.4963,45.59,45.59,47.848511,0.076425,0.15285,9.26,1.49,,,5.4963,0.0,,entry=45.608236
2026-04-15T15:30:00+00:00,AMD,momentum,sell,backtest,target_or_structure,round_trip,35.8895,5.702,34.81,34.81,34.11364,0.059141,0.118282,5.06,0.81,,,5.702,0.0,,entry=34.796076
2026-04-15T19:30:00+00:00,AMD,momentum,buy,backtest,target_or_structure,round_trip,36.857625,4.5366,38.22,38.22,40.974218,0.053274,0.106547,9.34,1.49,,,4.5366,0.0,,entry=38.235288
2026-04-15T22:15:00+00:00,AMD,momentum,buy,backtest,target_or_structure,round_trip,40.887525,6.1506,41.9,41.9,43.922424,0.078568,0.157136,9.33,1.47,,,6.1506,0.0,,entry=41.91676
2026-04-16T13:30:00+00:00,AMD,momentum,sell,backtest,target_or_structure,round_trip,38.185225,5.2935,37.0,37.0,34.598984,0.05748,0.11496,9.49,1.49,,,5.2935,0.0,,entry=36.9852
2026-04-16T16:30:00+00:00,AMD,momentum,sell,backtest,target_or_structure,round_trip,35.057425,4.1659,33.54,33.54,30.477088,0.040637,0.081273,9.54,1.5,,,4.1659,0.0,,entry=33.526584
2026-04-16T23:15:00+00:00,AMD,momentum,buy,backtest,target_or_structure,round_trip,34.583325,4.3724,36.04,36.04,38.914428,0.048538,0.097076,9.47,1.47,,,4.3724,0.0,,entry=36.054416
2026-04-17T14:00:00+00:00,AMD,momentum,sell,backtest,target_or_structure,round_trip,42.796725,5.5955,41.65,41.65,39.322293,0.068604,0.137208,9.72,1.49,,,5.5955,0.0,,entry=41.63334
2026-04-19T19:30:00+00:00,AMD,momentum,buy,backtest,target_or_structure,round_trip,37.555875,4.5397,38.98,38.98,41.858276,0.054402,0.108804,9.77,1.49,,,4.5397,0.0,,entry=38.995592
2026-04-19T21:00:00+00:00,AMD,momentum,buy,backtest,stop_loss,round_trip,41.03715,6.4313,42.05,42.05,41.020735,0.106872,0.213743,-6.73,-1.02,,,6.4313,0.0,,entry=42.06682
2026-04-20T19:15:00+00:00,AMD,momentum,buy,backtest,target_or_structure,round_trip,31.90005,4.7651,33.26,33.26,35.78568,0.048756,0.097512,9.26,1.41,,,4.7651,0.0,,entry=33.273304
2026-04-20T20:00:00+00:00,AMD,momentum,buy,backtest,target_or_structure,round_trip,34.9125,7.3539,35.8,35.8,37.58496,0.080304,0.160608,9.83,1.48,,,7.3539,0.0,,entry=35.81432
2026-04-21T13:30:00+00:00,AMD,momentum,sell,backtest,target_or_structure,round_trip,24.48105,11.7203,23.92,23.92,22.778304,0.082756,0.165513,9.98,1.49,,,11.7203,0.0,,entry=23.910432
2026-04-21T14:15:00+00:00,AMD,momentum,sell,backtest,stop_loss,round_trip,23.3783,7.4587,22.49,22.49,23.387651,0.068424,0.136847,-6.76,-1.01,,,7.4587,0.0,,entry=22.481004
2026-04-21T19:15:00+00:00,AMD,momentum,buy,backtest,target_or_structure,round_trip,26.75295,6.6783,27.74,27.74,29.735489,0.056917,0.113834,9.96,1.49,,,6.6783,0.0,,entry=27.751096
2026-04-21T21:45:00+00:00,AMD,momentum,buy,backtest,target_or_structure,round_trip,28.997325,5.432,30.22,30.22,32.688533,0.050595,0.101189,10.03,1.49,,,5.432,0.0,,entry=30.232088
2026-04-22T13:00:00+00:00,AMD,momentum,sell,backtest,end_of_data,round_trip,21.924675,5.2498,20.65,20.65,20.65826,0.043363,0.086727,-0.09,-0.01,,,5.2498,0.0,,entry=20.64174
2026-04-14T19:15:00+00:00,AAPL,momentum,buy,backtest,target_or_structure,round_trip,69.9048,4.1145,71.12,71.12,73.60629,0.088823,0.177646,7.61,1.49,,,4.1145,0.0,,entry=71.148448
2026-04-14T20:30:00+00:00,AAPL,momentum,buy,backtest,target_or_structure,round_trip,72.348675,3.8715,73.65,73.65,76.109544,0.086504,0.173008,7.28,1.41,,,3.8715,0.0,,entry=73.67946
2026-04-15T13:30:00+00:00,AAPL,momentum,sell,backtest,target_or_structure,round_trip,68.320375,5.0223,67.31,67.31,65.234561,0.100359,0.200718,7.75,1.49,,,5.0223,0.0,,entry=67.283076
2026-04-15T14:30:00+00:00,AAPL,momentum,sell,backtest,stop_loss,round_trip,65.994575,4.7583,64.92,64.92,66.020973,0.124586,0.249172,-5.36,-1.02,,,4.7583,0.0,,entry=64.894032
2026-04-15T19:30:00+00:00,AAPL,momentum,buy,backtest,target_or_structure,round_trip,70.313775,2.9465,72.04,72.04,75.548666,0.064723,0.129447,7.71,1.49,,,2.9465,0.0,,entry=72.068816
2026-04-15T22:45:00+00:00,AAPL,momentum,buy,backtest,target_or_structure,round_trip,74.59305,3.8049,75.94,75.94,78.658524,0.08773,0.175461,7.73,1.48,,,3.8049,0.0,,entry=75.970376
2026-04-16T13:30:00+00:00,AAPL,momentum,sell,backtest,target_or_structure,round_trip,76.61105,3.8219,75.26,75.26,72.496575,0.085224,0.170449,7.86,1.49,,,3.8219,0.0,,entry=75.229896
2026-04-16T18:30:00+00:00,AAPL,momentum,sell,backtest,target_or_structure,round_trip,73.172475,3.6321,71.74,71.74,69.857932,0.077477,0.154954,6.02,1.13,,,3.6321,0.0,,entry=71.711304
2026-04-16T21:30:00+00:00,AAPL,momentum,buy,backtest,target_or_structure,round_trip,73.9347,3.8898,75.28,75.28,78.029712,0.088929,0.177858,7.96,1.49,,,3.8898,0.0,,entry=75.310112
2026-04-17T14:00:00+00:00,AAPL,momentum,sell,backtest,target_or_structure,round_trip,87.167375,3.9134,85.82,85.82,83.303308,0.099756,0.199513,7.56,1.4,,,3.9134,0.0,,entry=85.785672
2026-04-19T19:30:00+00:00,AAPL,momentum,buy,backtest,target_or_structure,round_trip,94.2039,3.5977,95.68,95.68,98.707517,0.104371,0.208742,8.1,1.49,,,3.5977,0.0,,entry=95.718272
2026-04-19T21:30:00+00:00,AAPL,momentum,buy,backtest,target_or_structure,round_trip,97.745025,3.8637,99.13,99.13,98.11074,0.152446,0.304892,-4.09,-0.74,,,3.8637,0.0,,entry=99.169652
2026-04-20T19:15:00+00:00,AAPL,momentum,buy,backtest,target_or_structure,round_trip,94.58295,3.3801,96.16,96.16,98.980392,0.098475,0.19695,7.43,1.36,,,3.3801,0.0,,entry=96.198464
2026-04-20T20:30:00+00:00,AAPL,momentum,buy,backtest,target_or_structure,round_trip,97.525575,3.5919,99.02,99.02,101.80926,0.107719,0.215437,7.69,1.4,,,3.5919,0.0,,entry=99.059608
2026-04-21T14:45:00+00:00,AAPL,momentum,sell,backtest,target_or_structure,round_trip,91.638525,4.8334,90.52,90.52,91.316512,0.175742,0.351485,-4.02,-0.72,,,4.8334,0.0,,entry=90.483792
2026-04-21T19:15:00+00:00,AAPL,momentum,buy,backtest,target_or_structure,round_trip,94.563,3.5505,96.08,96.08,99.189604,0.103459,0.206918,8.21,1.49,,,3.5505,0.0,,entry=96.118432
2026-04-21T21:45:00+00:00,AAPL,momentum,buy,backtest,target_or_structure,round_trip,97.755,3.3814,99.36,99.36,102.35904,0.101821,0.203641,7.78,1.4,,,3.3814,0.0,,entry=99.399744
2026-04-22T13:00:00+00:00,AAPL,momentum,sell,backtest,end_of_data,round_trip,95.25755,3.829,93.83,93.83,93.867532,0.14371,0.28742,-0.29,-0.05,,,3.829,0.0,,entry=93.792468
2026-04-14T19:15:00+00:00,MSFT,momentum,buy,backtest,target_or_structure,round_trip,47.22165,4.2089,48.52,48.52,51.154454,0.062383,0.124765,8.28,1.49,,,4.2089,0.0,,entry=48.539408
2026-04-14T20:30:00+00:00,MSFT,momentum,buy,backtest,target_or_structure,round_trip,50.383725,4.6415,51.57,51.57,53.982832,0.072939,0.145878,8.35,1.49,,,4.6415,0.0,,entry=51.590628
2026-04-15T13:30:00+00:00,MSFT,momentum,sell,backtest,target_or_structure,round_trip,45.61375,5.7565,44.65,44.65,42.685988,0.075968,0.151937,8.43,1.49,,,5.7565,0.0,,entry=44.63214
2026-04-15T14:30:00+00:00,MSFT,momentum,sell,backtest,stop_loss,round_trip,43.1476,6.159,42.24,42.24,43.164859,0.10518,0.210361,-5.8,-1.02,,,6.159,0.0,,entry=42.223104
2026-04-15T19:30:00+00:00,MSFT,momentum,buy,backtest,target_or_structure,round_trip,47.30145,2.9291,49.2,49.2,53.034918,0.044362,0.088725,8.4,1.49,,,2.9291,0.0,,entry=49.21968
2026-04-15T23:00:00+00:00,MSFT,momentum,buy,backtest,target_or_structure,round_trip,52.9074,3.911,54.34,54.34,57.087156,0.06484,0.129681,8.17,1.44,,,3.911,0.0,,entry=54.361736
2026-04-16T13:30:00+00:00,MSFT,momentum,sell,backtest,target_or_structure,round_trip,54.866825,3.6486,53.32,53.32,50.182431,0.057211,0.114422,8.55,1.49,,,3.6486,0.0,,entry=53.298672
2026-04-16T15:45:00+00:00,MSFT,momentum,sell,backtest,target_or_structure,round_trip,51.10745,3.823,49.62,49.62,46.678664,0.055778,0.111555,8.47,1.47,,,3.823,0.0,,entry=49.600152
2026-04-16T21:15:00+00:00,MSFT,momentum,buy,backtest,target_or_structure,round_trip,52.338825,4.2716,53.68,53.68,56.404195,0.069963,0.139926,8.68,1.49,,,4.2716,0.0,,entry=53.701472
2026-04-17T14:30:00+00:00,MSFT,momentum,sell,backtest,target_or_structure,round_trip,64.711375,4.5048,63.43,63.43,60.81545,0.084533,0.169066,8.78,1.49,,,4.5048,0.0,,entry=63.404628
2026-04-19T19:15:00+00:00,MSFT,momentum,buy,backtest,target_or_structure,round_trip,72.647925,4.4328,73.96,73.96,76.642233,0.099558,0.199115,8.85,1.49,,,4.4328,0.0,,entry=73.989584
2026-04-19T22:00:00+00:00,MSFT,momentum,buy,backtest,stop_loss,round_trip,75.480825,4.4425,76.8,76.8,76.799988,0.10237,0.204739,2.93,0.49,,,4.4425,0.0,,entry=76.83072
2026-04-20T19:30:00+00:00,MSFT,momentum,buy,backtest,target_or_structure,round_trip,73.246425,2.947,75.24,75.24,79.285711,0.067721,0.135443,8.9,1.49,,,2.947,0.0,,entry=75.270096
2026-04-20T22:45:00+00:00,MSFT,momentum,buy,backtest,target_or_structure,round_trip,78.553125,3.8268,80.1,80.1,83.006784,0.093083,0.186166,8.52,1.41,,,3.8268,0.0,,entry=80.13204
2026-04-21T14:15:00+00:00,MSFT,momentum,sell,backtest,stop_loss,round_trip,70.39555,5.2047,69.25,69.25,69.249989,0.108114,0.216228,2.98,0.49,,,5.2047,0.0,,entry=69.2223
2026-04-21T19:15:00+00:00,MSFT,momentum,buy,backtest,target_or_structure,round_trip,73.2963,3.351,75.08,75.08,78.408624,0.076604,0.153208,8.57,1.41,,,3.351,0.0,,entry=75.110032
2026-04-21T21:00:00+00:00,MSFT,momentum,buy,backtest,target_or_structure,round_trip,76.8474,3.78,78.44,78.44,81.537372,0.090134,0.180268,8.86,1.44,,,3.78,0.0,,entry=78.471376
2026-04-22T13:00:00+00:00,MSFT,momentum,sell,backtest,end_of_data,round_trip,74.736375,4.4382,73.37,73.37,73.399348,0.130252,0.260505,-0.26,-0.04,,,4.4382,0.0,,entry=73.340652
2026-04-14T19:15:00+00:00,AMD,momentum,buy,backtest,target_or_structure,round_trip,42.303975,6.6188,43.22,43.22,45.085872,0.087066,0.174133,9.21,1.49,,,6.6188,0.0,,entry=43.237288
2026-04-14T20:30:00+00:00,AMD,momentum,buy,backtest,target_or_structure,round_trip,44.478525,5.4963,45.59,45.59,47.848511,0.076425,0.15285,9.26,1.49,,,5.4963,0.0,,entry=45.608236
2026-04-15T15:30:00+00:00,AMD,momentum,sell,backtest,target_or_structure,round_trip,35.8895,5.702,34.81,34.81,34.11364,0.059141,0.118282,5.06,0.81,,,5.702,0.0,,entry=34.796076
2026-04-15T19:30:00+00:00,AMD,momentum,buy,backtest,target_or_structure,round_trip,36.857625,4.5366,38.22,38.22,40.974218,0.053274,0.106547,9.34,1.49,,,4.5366,0.0,,entry=38.235288
2026-04-15T22:15:00+00:00,AMD,momentum,buy,backtest,target_or_structure,round_trip,40.887525,6.1506,41.9,41.9,43.922424,0.078568,0.157136,9.33,1.47,,,6.1506,0.0,,entry=41.91676
2026-04-16T13:30:00+00:00,AMD,momentum,sell,backtest,target_or_structure,round_trip,38.185225,5.2935,37.0,37.0,34.598984,0.05748,0.11496,9.49,1.49,,,5.2935,0.0,,entry=36.9852
2026-04-16T16:30:00+00:00,AMD,momentum,sell,backtest,target_or_structure,round_trip,35.057425,4.1659,33.54,33.54,30.477088,0.040637,0.081273,9.54,1.5,,,4.1659,0.0,,entry=33.526584
2026-04-16T23:15:00+00:00,AMD,momentum,buy,backtest,target_or_structure,round_trip,34.583325,4.3724,36.04,36.04,38.914428,0.048538,0.097076,9.47,1.47,,,4.3724,0.0,,entry=36.054416
2026-04-17T14:00:00+00:00,AMD,momentum,sell,backtest,target_or_structure,round_trip,42.796725,5.5955,41.65,41.65,39.322293,0.068604,0.137208,9.72,1.49,,,5.5955,0.0,,entry=41.63334
2026-04-19T19:30:00+00:00,AMD,momentum,buy,backtest,target_or_structure,round_trip,37.555875,4.5397,38.98,38.98,41.858276,0.054402,0.108804,9.77,1.49,,,4.5397,0.0,,entry=38.995592
2026-04-19T21:00:00+00:00,AMD,momentum,buy,backtest,stop_loss,round_trip,41.03715,6.4313,42.05,42.05,41.020735,0.106872,0.213743,-6.73,-1.02,,,6.4313,0.0,,entry=42.06682
2026-04-20T19:15:00+00:00,AMD,momentum,buy,backtest,target_or_structure,round_trip,31.90005,4.7651,33.26,33.26,35.78568,0.048756,0.097512,9.26,1.41,,,4.7651,0.0,,entry=33.273304
2026-04-20T20:00:00+00:00,AMD,momentum,buy,backtest,target_or_structure,round_trip,34.9125,7.3539,35.8,35.8,37.58496,0.080304,0.160608,9.83,1.48,,,7.3539,0.0,,entry=35.81432
2026-04-21T13:30:00+00:00,AMD,momentum,sell,backtest,target_or_structure,round_trip,24.48105,11.7203,23.92,23.92,22.778304,0.082756,0.165513,9.98,1.49,,,11.7203,0.0,,entry=23.910432
2026-04-21T14:15:00+00:00,AMD,momentum,sell,backtest,stop_loss,round_trip,23.3783,7.4587,22.49,22.49,23.387651,0.068424,0.136847,-6.76,-1.01,,,7.4587,0.0,,entry=22.481004
2026-04-21T19:15:00+00:00,AMD,momentum,buy,backtest,target_or_structure,round_trip,26.75295,6.6783,27.74,27.74,29.735489,0.056917,0.113834,9.96,1.49,,,6.6783,0.0,,entry=27.751096
2026-04-21T21:45:00+00:00,AMD,momentum,buy,backtest,target_or_structure,round_trip,28.997325,5.432,30.22,30.22,32.688533,0.050595,0.101189,10.03,1.49,,,5.432,0.0,,entry=30.232088
2026-04-22T13:00:00+00:00,AMD,momentum,sell,backtest,end_of_data,round_trip,21.924675,5.2498,20.65,20.65,20.65826,0.043363,0.086727,-0.09,-0.01,,,5.2498,0.0,,entry=20.64174
2026-04-14T19:15:00+00:00,AAPL,momentum,buy,backtest,target_or_structure,round_trip,69.9048,4.1145,71.12,71.12,73.60629,0.088823,0.177646,7.61,1.49,,,4.1145,0.0,,entry=71.148448
2026-04-14T20:30:00+00:00,AAPL,momentum,buy,backtest,target_or_structure,round_trip,72.348675,3.8715,73.65,73.65,76.109544,0.086504,0.173008,7.28,1.41,,,3.8715,0.0,,entry=73.67946
2026-04-15T13:30:00+00:00,AAPL,momentum,sell,backtest,target_or_structure,round_trip,68.320375,5.0223,67.31,67.31,65.234561,0.100359,0.200718,7.75,1.49,,,5.0223,0.0,,entry=67.283076
2026-04-15T14:30:00+00:00,AAPL,momentum,sell,backtest,stop_loss,round_trip,65.994575,4.7583,64.92,64.92,66.020973,0.124586,0.249172,-5.36,-1.02,,,4.7583,0.0,,entry=64.894032
2026-04-15T19:30:00+00:00,AAPL,momentum,buy,backtest,target_or_structure,round_trip,70.313775,2.9465,72.04,72.04,75.548666,0.064723,0.129447,7.71,1.49,,,2.9465,0.0,,entry=72.068816
2026-04-15T22:45:00+00:00,AAPL,momentum,buy,backtest,target_or_structure,round_trip,74.59305,3.8049,75.94,75.94,78.658524,0.08773,0.175461,7.73,1.48,,,3.8049,0.0,,entry=75.970376
2026-04-16T13:30:00+00:00,AAPL,momentum,sell,backtest,target_or_structure,round_trip,76.61105,3.8219,75.26,75.26,72.496575,0.085224,0.170449,7.86,1.49,,,3.8219,0.0,,entry=75.229896
2026-04-16T18:30:00+00:00,AAPL,momentum,sell,backtest,target_or_structure,round_trip,73.172475,3.6321,71.74,71.74,69.857932,0.077477,0.154954,6.02,1.13,,,3.6321,0.0,,entry=71.711304
2026-04-16T21:30:00+00:00,AAPL,momentum,buy,backtest,target_or_structure,round_trip,73.9347,3.8898,75.28,75.28,78.029712,0.088929,0.177858,7.96,1.49,,,3.8898,0.0,,entry=75.310112
2026-04-17T14:00:00+00:00,AAPL,momentum,sell,backtest,target_or_structure,round_trip,87.167375,3.9134,85.82,85.82,83.303308,0.099756,0.199513,7.56,1.4,,,3.9134,0.0,,entry=85.785672
2026-04-19T19:30:00+00:00,AAPL,momentum,buy,backtest,target_or_structure,round_trip,94.2039,3.5977,95.68,95.68,98.707517,0.104371,0.208742,8.1,1.49,,,3.5977,0.0,,entry=95.718272
2026-04-19T21:30:00+00:00,AAPL,momentum,buy,backtest,target_or_structure,round_trip,97.745025,3.8637,99.13,99.13,98.11074,0.152446,0.304892,-4.09,-0.74,,,3.8637,0.0,,entry=99.169652
2026-04-20T19:15:00+00:00,AAPL,momentum,buy,backtest,target_or_structure,round_trip,94.58295,3.3801,96.16,96.16,98.980392,0.098475,0.19695,7.43,1.36,,,3.3801,0.0,,entry=96.198464
2026-04-20T20:30:00+00:00,AAPL,momentum,buy,backtest,target_or_structure,round_trip,97.525575,3.5919,99.02,99.02,101.80926,0.107719,0.215437,7.69,1.4,,,3.5919,0.0,,entry=99.059608
2026-04-21T14:45:00+00:00,AAPL,momentum,sell,backtest,target_or_structure,round_trip,91.638525,4.8334,90.52,90.52,91.316512,0.175742,0.351485,-4.02,-0.72,,,4.8334,0.0,,entry=90.483792
2026-04-21T19:15:00+00:00,AAPL,momentum,buy,backtest,target_or_structure,round_trip,94.563,3.5505,96.08,96.08,99.189604,0.103459,0.206918,8.21,1.49,,,3.5505,0.0,,entry=96.118432
2026-04-21T21:45:00+00:00,AAPL,momentum,buy,backtest,target_or_structure,round_trip,97.755,3.3814,99.36,99.36,102.35904,0.101821,0.203641,7.78,1.4,,,3.3814,0.0,,entry=99.399744
2026-04-22T13:00:00+00:00,AAPL,momentum,sell,backtest,end_of_data,round_trip,95.25755,3.829,93.83,93.83,93.867532,0.14371,0.28742,-0.29,-0.05,,,3.829,0.0,,entry=93.792468
2026-04-14T19:15:00+00:00,MSFT,momentum,buy,backtest,target_or_structure,round_trip,47.22165,4.2089,48.52,48.52,51.154454,0.062383,0.124765,8.28,1.49,,,4.2089,0.0,,entry=48.539408
2026-04-14T20:30:00+00:00,MSFT,momentum,buy,backtest,target_or_structure,round_trip,50.383725,4.6415,51.57,51.57,53.982832,0.072939,0.145878,8.35,1.49,,,4.6415,0.0,,entry=51.590628
2026-04-15T13:30:00+00:00,MSFT,momentum,sell,backtest,target_or_structure,round_trip,45.61375,5.7565,44.65,44.65,42.685988,0.075968,0.151937,8.43,1.49,,,5.7565,0.0,,entry=44.63214
2026-04-15T14:30:00+00:00,MSFT,momentum,sell,backtest,stop_loss,round_trip,43.1476,6.159,42.24,42.24,43.164859,0.10518,0.210361,-5.8,-1.02,,,6.159,0.0,,entry=42.223104
2026-04-15T19:30:00+00:00,MSFT,momentum,buy,backtest,target_or_structure,round_trip,47.30145,2.9291,49.2,49.2,53.034918,0.044362,0.088725,8.4,1.49,,,2.9291,0.0,,entry=49.21968
2026-04-15T23:00:00+00:00,MSFT,momentum,buy,backtest,target_or_structure,round_trip,52.9074,3.911,54.34,54.34,57.087156,0.06484,0.129681,8.17,1.44,,,3.911,0.0,,entry=54.361736
2026-04-16T13:30:00+00:00,MSFT,momentum,sell,backtest,target_or_structure,round_trip,54.866825,3.6486,53.32,53.32,50.182431,0.057211,0.114422,8.55,1.49,,,3.6486,0.0,,entry=53.298672
2026-04-16T15:45:00+00:00,MSFT,momentum,sell,backtest,target_or_structure,round_trip,51.10745,3.823,49.62,49.62,46.678664,0.055778,0.111555,8.47,1.47,,,3.823,0.0,,entry=49.600152
2026-04-16T21:15:00+00:00,MSFT,momentum,buy,backtest,target_or_structure,round_trip,52.338825,4.2716,53.68,53.68,56.404195,0.069963,0.139926,8.68,1.49,,,4.2716,0.0,,entry=53.701472
2026-04-17T14:30:00+00:00,MSFT,momentum,sell,backtest,target_or_structure,round_trip,64.711375,4.5048,63.43,63.43,60.81545,0.084533,0.169066,8.78,1.49,,,4.5048,0.0,,entry=63.404628
2026-04-19T19:15:00+00:00,MSFT,momentum,buy,backtest,target_or_structure,round_trip,72.647925,4.4328,73.96,73.96,76.642233,0.099558,0.199115,8.85,1.49,,,4.4328,0.0,,entry=73.989584
2026-04-19T22:00:00+00:00,MSFT,momentum,buy,backtest,stop_loss,round_trip,75.480825,4.4425,76.8,76.8,76.799988,0.10237,0.204739,2.93,0.49,,,4.4425,0.0,,entry=76.83072
2026-04-20T19:30:00+00:00,MSFT,momentum,buy,backtest,target_or_structure,round_trip,73.246425,2.947,75.24,75.24,79.285711,0.067721,0.135443,8.9,1.49,,,2.947,0.0,,entry=75.270096
2026-04-20T22:45:00+00:00,MSFT,momentum,buy,backtest,target_or_structure,round_trip,78.553125,3.8268,80.1,80.1,83.006784,0.093083,0.186166,8.52,1.41,,,3.8268,0.0,,entry=80.13204
2026-04-21T14:15:00+00:00,MSFT,momentum,sell,backtest,stop_loss,round_trip,70.39555,5.2047,69.25,69.25,69.249989,0.108114,0.216228,2.98,0.49,,,5.2047,0.0,,entry=69.2223
2026-04-21T19:15:00+00:00,MSFT,momentum,buy,backtest,target_or_structure,round_trip,73.2963,3.351,75.08,75.08,78.408624,0.076604,0.153208,8.57,1.41,,,3.351,0.0,,entry=75.110032
2026-04-21T21:00:00+00:00,MSFT,momentum,buy,backtest,target_or_structure,round_trip,76.8474,3.78,78.44,78.44,81.537372,0.090134,0.180268,8.86,1.44,,,3.78,0.0,,entry=78.471376
2026-04-22T13:00:00+00:00,MSFT,momentum,sell,backtest,end_of_data,round_trip,74.736375,4.4382,73.37,73.37,73.399348,0.130252,0.260505,-0.26,-0.04,,,4.4382,0.0,,entry=73.340652
2026-04-14T19:15:00+00:00,AMD,momentum,buy,backtest,target_or_structure,round_trip,42.303975,6.6188,43.22,43.22,45.085872,0.087066,0.174133,9.21,1.49,,,6.6188,0.0,,entry=43.237288
2026-04-14T20:30:00+00:00,AMD,momentum,buy,backtest,target_or_structure,round_trip,44.478525,5.4963,45.59,45.59,47.848511,0.076425,0.15285,9.26,1.49,,,5.4963,0.0,,entry=45.608236
2026-04-15T15:30:00+00:00,AMD,momentum,sell,backtest,target_or_structure,round_trip,35.8895,5.702,34.81,34.81,34.11364,0.059141,0.118282,5.06,0.81,,,5.702,0.0,,entry=34.796076
2026-04-15T19:30:00+00:00,AMD,momentum,buy,backtest,target_or_structure,round_trip,36.857625,4.5366,38.22,38.22,40.974218,0.053274,0.106547,9.34,1.49,,,4.5366,0.0,,entry=38.235288
2026-04-15T22:15:00+00:00,AMD,momentum,buy,backtest,target_or_structure,round_trip,40.887525,6.1506,41.9,41.9,43.922424,0.078568,0.157136,9.33,1.47,,,6.1506,0.0,,entry=41.91676
2026-04-16T13:30:00+00:00,AMD,momentum,sell,backtest,target_or_structure,round_trip,38.185225,5.2935,37.0,37.0,34.598984,0.05748,0.11496,9.49,1.49,,,5.2935,0.0,,entry=36.9852
2026-04-16T16:30:00+00:00,AMD,momentum,sell,backtest,target_or_structure,round_trip,35.057425,4.1659,33.54,33.54,30.477088,0.040637,0.081273,9.54,1.5,,,4.1659,0.0,,entry=33.526584
2026-04-16T23:15:00+00:00,AMD,momentum,buy,backtest,target_or_structure,round_trip,34.583325,4.3724,36.04,36.04,38.914428,0.048538,0.097076,9.47,1.47,,,4.3724,0.0,,entry=36.054416
2026-04-17T14:00:00+00:00,AMD,momentum,sell,backtest,target_or_structure,round_trip,42.796725,5.5955,41.65,41.65,39.322293,0.068604,0.137208,9.72,1.49,,,5.5955,0.0,,entry=41.63334
2026-04-19T19:30:00+00:00,AMD,momentum,buy,backtest,target_or_structure,round_trip,37.555875,4.5397,38.98,38.98,41.858276,0.054402,0.108804,9.77,1.49,,,4.5397,0.0,,entry=38.995592
2026-04-19T21:00:00+00:00,AMD,momentum,buy,backtest,stop_loss,round_trip,41.03715,6.4313,42.05,42.05,41.020735,0.106872,0.213743,-6.73,-1.02,,,6.4313,0.0,,entry=42.06682
2026-04-20T19:15:00+00:00,AMD,momentum,buy,backtest,target_or_structure,round_trip,31.90005,4.7651,33.26,33.26,35.78568,0.048756,0.097512,9.26,1.41,,,4.7651,0.0,,entry=33.273304
2026-04-20T20:00:00+00:00,AMD,momentum,buy,backtest,target_or_structure,round_trip,34.9125,7.3539,35.8,35.8,37.58496,0.080304,0.160608,9.83,1.48,,,7.3539,0.0,,entry=35.81432
2026-04-21T13:30:00+00:00,AMD,momentum,sell,backtest,target_or_structure,round_trip,24.48105,11.7203,23.92,23.92,22.778304,0.082756,0.165513,9.98,1.49,,,11.7203,0.0,,entry=23.910432
2026-04-21T14:15:00+00:00,AMD,momentum,sell,backtest,stop_loss,round_trip,23.3783,7.4587,22.49,22.49,23.387651,0.068424,0.136847,-6.76,-1.01,,,7.4587,0.0,,entry=22.481004
2026-04-21T19:15:00+00:00,AMD,momentum,buy,backtest,target_or_structure,round_trip,26.75295,6.6783,27.74,27.74,29.735489,0.056917,0.113834,9.96,1.49,,,6.6783,0.0,,entry=27.751096
2026-04-21T21:45:00+00:00,AMD,momentum,buy,backtest,target_or_structure,round_trip,28.997325,5.432,30.22,30.22,32.688533,0.050595,0.101189,10.03,1.49,,,5.432,0.0,,entry=30.232088
2026-04-22T13:00:00+00:00,AMD,momentum,sell,backtest,end_of_data,round_trip,21.924675,5.2498,20.65,20.65,20.65826,0.043363,0.086727,-0.09,-0.01,,,5.2498,0.0,,entry=20.64174
2026-04-15T15:15:00+00:00,AAPL,momentum,buy,backtest,target_or_structure,round_trip,69.9048,4.1145,71.12,71.12,73.60629,0.088823,0.177646,0.266468,7.61,1.49,midday,,,4.1145,0.0,,entry=71.148448
2026-04-15T16:30:00+00:00,AAPL,momentum,buy,backtest,target_or_structure,round_trip,72.348675,3.8715,73.65,73.65,76.109544,0.086504,0.173008,0.259512,7.28,1.41,midday,,,3.8715,0.0,,entry=73.67946
2026-04-16T15:30:00+00:00,AAPL,momentum,buy,backtest,target_or_structure,round_trip,70.313775,2.9396,72.04,72.04,75.548666,0.064571,0.129142,0.193713,7.69,1.49,midday,,,2.9396,0.0,,entry=72.068816
2026-04-16T18:45:00+00:00,AAPL,momentum,buy,backtest,target_or_structure,round_trip,74.59305,3.7959,75.94,75.94,78.658524,0.087521,0.175043,0.262564,7.72,1.48,midday,,,3.7959,0.0,,entry=75.970376
2026-04-17T17:30:00+00:00,AAPL,momentum,buy,backtest,target_or_structure,round_trip,73.9347,3.8293,75.28,75.28,78.029712,0.087547,0.175093,0.26264,7.84,1.49,midday,,,3.8293,0.0,,entry=75.310112
2026-04-20T15:30:00+00:00,AAPL,momentum,buy,backtest,target_or_structure,round_trip,94.2039,3.5165,95.68,95.68,98.707517,0.102015,0.20403,0.306045,7.92,1.49,midday,,,3.5165,0.0,,entry=95.718272
2026-04-20T17:30:00+00:00,AAPL,momentum,buy,backtest,target_or_structure,round_trip,97.745025,3.7765,99.13,99.13,98.11074,0.149006,0.298011,0.447017,-4.0,-0.74,midday,,,3.7765,0.0,,entry=99.169652
2026-04-21T15:15:00+00:00,AAPL,momentum,buy,backtest,target_or_structure,round_trip,94.58295,3.3038,96.16,96.16,98.980392,0.096253,0.192506,0.288759,7.26,1.36,midday,,,3.3038,0.0,,entry=96.198464
2026-04-21T16:30:00+00:00,AAPL,momentum,buy,backtest,target_or_structure,round_trip,97.525575,3.5108,99.02,99.02,101.80926,0.105285,0.210571,0.315856,7.52,1.4,midday,,,3.5108,0.0,,entry=99.059608
2026-04-22T15:15:00+00:00,AAPL,momentum,buy,backtest,target_or_structure,round_trip,94.563,3.4833,96.08,96.08,99.189604,0.101501,0.203001,0.304502,8.06,1.49,midday,,,3.4833,0.0,,entry=96.118432
2026-04-22T17:45:00+00:00,AAPL,momentum,buy,backtest,target_or_structure,round_trip,97.755,3.3174,99.36,99.36,102.35904,0.099894,0.199787,0.299681,7.64,1.4,midday,,,3.3174,0.0,,entry=99.399744
2026-04-15T15:15:00+00:00,MSFT,momentum,buy,backtest,target_or_structure,round_trip,47.22165,4.1304,48.52,48.52,51.154454,0.061219,0.122437,0.183656,8.12,1.49,midday,,,4.1304,0.0,,entry=48.539408
2026-04-15T16:30:00+00:00,MSFT,momentum,buy,backtest,target_or_structure,round_trip,50.383725,4.5548,51.57,51.57,53.982832,0.071576,0.143152,0.214728,8.2,1.49,midday,,,4.5548,0.0,,entry=51.590628
2026-04-16T15:30:00+00:00,MSFT,momentum,buy,backtest,target_or_structure,round_trip,47.30145,2.8676,49.2,49.2,53.034918,0.043432,0.086863,0.130295,8.22,1.49,midday,,,2.8676,0.0,,entry=49.21968
2026-04-16T19:00:00+00:00,MSFT,momentum,buy,backtest,target_or_structure,round_trip,52.9074,3.829,54.34,54.34,57.087156,0.063481,0.126962,0.190443,8.0,1.44,midday,,,3.829,0.0,,entry=54.361736
2026-04-17T17:15:00+00:00,MSFT,momentum,buy,backtest,target_or_structure,round_trip,52.338825,4.1198,53.68,53.68,56.404195,0.067477,0.134954,0.202431,8.37,1.49,midday,,,4.1198,0.0,,entry=53.701472
2026-04-20T15:15:00+00:00,MSFT,momentum,buy,backtest,target_or_structure,round_trip,72.647925,4.2431,73.96,73.96,76.642233,0.095296,0.190592,0.285889,8.47,1.49,midday,,,4.2431,0.0,,entry=73.989584
2026-04-20T18:00:00+00:00,MSFT,momentum,buy,backtest,stop_loss,round_trip,75.480825,4.2524,76.8,76.8,76.799988,0.097988,0.195977,0.293965,2.8,0.49,midday,,,4.2524,0.0,,entry=76.83072
2026-04-21T15:30:00+00:00,MSFT,momentum,buy,backtest,target_or_structure,round_trip,73.246425,2.8209,75.24,75.24,79.285711,0.064824,0.129649,0.194473,8.52,1.49,midday,,,2.8209,0.0,,entry=75.270096
2026-04-21T18:45:00+00:00,MSFT,momentum,buy,backtest,target_or_structure,round_trip,78.553125,3.663,80.1,80.1,83.006784,0.089099,0.178198,0.267296,8.16,1.41,midday,,,3.663,0.0,,entry=80.13204
2026-04-22T15:15:00+00:00,MSFT,momentum,buy,backtest,target_or_structure,round_trip,73.2963,3.1995,75.08,75.08,78.408624,0.07314,0.14628,0.219419,8.18,1.41,midday,,,3.1995,0.0,,entry=75.110032
2026-04-22T17:00:00+00:00,MSFT,momentum,buy,backtest,target_or_structure,round_trip,76.8474,3.6091,78.44,78.44,81.537372,0.086058,0.172116,0.258175,8.46,1.44,midday,,,3.6091,0.0,,entry=78.471376
2026-04-15T15:15:00+00:00,AMD,momentum,buy,backtest,target_or_structure,round_trip,42.303975,6.321,43.22,43.22,45.085872,0.083149,0.166298,0.249447,8.79,1.49,midday,,,6.321,0.0,,entry=43.237288
2026-04-15T16:30:00+00:00,AMD,momentum,buy,backtest,target_or_structure,round_trip,44.478525,5.249,45.59,45.59,47.848511,0.072986,0.145972,0.218958,8.84,1.49,midday,,,5.249,0.0,,entry=45.608236
2026-04-16T15:30:00+00:00,AMD,momentum,buy,backtest,target_or_structure,round_trip,36.857625,4.3148,38.22,38.22,40.974218,0.050669,0.101338,0.152007,8.88,1.49,midday,,,4.3148,0.0,,entry=38.235288
2026-04-16T18:15:00+00:00,AMD,momentum,buy,backtest,target_or_structure,round_trip,40.887525,5.8498,41.9,41.9,43.922424,0.074725,0.149451,0.224176,8.88,1.47,midday,,,5.8498,0.0,,entry=41.91676
2026-04-17T19:15:00+00:00,AMD,momentum,buy,backtest,target_or_structure,round_trip,34.583325,4.0964,36.04,36.04,38.914428,0.045474,0.090948,0.136422,8.87,1.47,midday,,,4.0964,0.0,,entry=36.054416
2026-04-20T15:30:00+00:00,AMD,momentum,buy,backtest,target_or_structure,round_trip,37.555875,4.2212,38.98,38.98,41.858276,0.050585,0.10117,0.151754,9.08,1.49,midday,,,4.2212,0.0,,entry=38.995592
2026-04-20T17:00:00+00:00,AMD,momentum,buy,backtest,stop_loss,round_trip,41.03715,5.9801,42.05,42.05,41.020735,0.099374,0.198748,0.298122,-6.26,-1.02,midday,,,5.9801,0.0,,entry=42.06682
2026-04-21T15:15:00+00:00,AMD,momentum,buy,backtest,target_or_structure,round_trip,31.90005,4.4308,33.26,33.26,35.78568,0.045336,0.090672,0.136008,8.61,1.41,midday,,,4.4308,0.0,,entry=33.273304
2026-04-21T16:00:00+00:00,AMD,momentum,buy,backtest,target_or_structure,round_trip,34.9125,6.8379,35.8,35.8,37.58496,0.074669,0.149339,0.224008,9.14,1.48,midday,,,6.8379,0.0,,entry=35.81432
2026-04-22T15:15:00+00:00,AMD,momentum,buy,backtest,target_or_structure,round_trip,26.75295,6.1946,27.74,27.74,29.735489,0.052795,0.10559,0.158385,9.24,1.49,midday,,,6.1946,0.0,,entry=27.751096
2026-04-22T17:45:00+00:00,AMD,momentum,buy,backtest,target_or_structure,round_trip,28.997325,5.0386,30.22,30.22,32.688533,0.04693,0.093861,0.140791,9.3,1.49,midday,,,5.0386,0.0,,entry=30.232088
2026-04-15T15:15:00+00:00,AAPL,momentum,buy,backtest,target_or_structure,round_trip,69.9048,4.1145,71.12,71.12,73.60629,0.088823,0.177646,0.266468,7.61,1.49,midday,,,4.1145,0.0,,entry=71.148448
2026-04-15T16:30:00+00:00,AAPL,momentum,buy,backtest,target_or_structure,round_trip,72.348675,3.8715,73.65,73.65,76.109544,0.086504,0.173008,0.259512,7.28,1.41,midday,,,3.8715,0.0,,entry=73.67946
2026-04-16T15:30:00+00:00,AAPL,momentum,buy,backtest,target_or_structure,round_trip,70.313775,2.9396,72.04,72.04,75.548666,0.064571,0.129142,0.193713,7.69,1.49,midday,,,2.9396,0.0,,entry=72.068816
2026-04-16T18:45:00+00:00,AAPL,momentum,buy,backtest,target_or_structure,round_trip,74.59305,3.7959,75.94,75.94,78.658524,0.087521,0.175043,0.262564,7.72,1.48,midday,,,3.7959,0.0,,entry=75.970376
2026-04-17T17:30:00+00:00,AAPL,momentum,buy,backtest,target_or_structure,round_trip,73.9347,3.8293,75.28,75.28,78.029712,0.087547,0.175093,0.26264,7.84,1.49,midday,,,3.8293,0.0,,entry=75.310112
2026-04-20T15:30:00+00:00,AAPL,momentum,buy,backtest,target_or_structure,round_trip,94.2039,3.5165,95.68,95.68,98.707517,0.102015,0.20403,0.306045,7.92,1.49,midday,,,3.5165,0.0,,entry=95.718272
2026-04-20T17:30:00+00:00,AAPL,momentum,buy,backtest,target_or_structure,round_trip,97.745025,3.7765,99.13,99.13,98.11074,0.149006,0.298011,0.447017,-4.0,-0.74,midday,,,3.7765,0.0,,entry=99.169652
2026-04-21T15:15:00+00:00,AAPL,momentum,buy,backtest,target_or_structure,round_trip,94.58295,3.3038,96.16,96.16,98.980392,0.096253,0.192506,0.288759,7.26,1.36,midday,,,3.3038,0.0,,entry=96.198464
2026-04-21T16:30:00+00:00,AAPL,momentum,buy,backtest,target_or_structure,round_trip,97.525575,3.5108,99.02,99.02,101.80926,0.105285,0.210571,0.315856,7.52,1.4,midday,,,3.5108,0.0,,entry=99.059608
2026-04-22T15:15:00+00:00,AAPL,momentum,buy,backtest,target_or_structure,round_trip,94.563,3.4833,96.08,96.08,99.189604,0.101501,0.203001,0.304502,8.06,1.49,midday,,,3.4833,0.0,,entry=96.118432
2026-04-22T17:45:00+00:00,AAPL,momentum,buy,backtest,target_or_structure,round_trip,97.755,3.3174,99.36,99.36,102.35904,0.099894,0.199787,0.299681,7.64,1.4,midday,,,3.3174,0.0,,entry=99.399744
2026-04-15T15:15:00+00:00,MSFT,momentum,buy,backtest,target_or_structure,round_trip,47.22165,4.1304,48.52,48.52,51.154454,0.061219,0.122437,0.183656,8.12,1.49,midday,,,4.1304,0.0,,entry=48.539408
2026-04-15T16:30:00+00:00,MSFT,momentum,buy,backtest,target_or_structure,round_trip,50.383725,4.5548,51.57,51.57,53.982832,0.071576,0.143152,0.214728,8.2,1.49,midday,,,4.5548,0.0,,entry=51.590628
2026-04-16T15:30:00+00:00,MSFT,momentum,buy,backtest,target_or_structure,round_trip,47.30145,2.8676,49.2,49.2,53.034918,0.043432,0.086863,0.130295,8.22,1.49,midday,,,2.8676,0.0,,entry=49.21968
2026-04-16T19:00:00+00:00,MSFT,momentum,buy,backtest,target_or_structure,round_trip,52.9074,3.829,54.34,54.34,57.087156,0.063481,0.126962,0.190443,8.0,1.44,midday,,,3.829,0.0,,entry=54.361736
2026-04-17T17:15:00+00:00,MSFT,momentum,buy,backtest,target_or_structure,round_trip,52.338825,4.1198,53.68,53.68,56.404195,0.067477,0.134954,0.202431,8.37,1.49,midday,,,4.1198,0.0,,entry=53.701472
2026-04-20T15:15:00+00:00,MSFT,momentum,buy,backtest,target_or_structure,round_trip,72.647925,4.2431,73.96,73.96,76.642233,0.095296,0.190592,0.285889,8.47,1.49,midday,,,4.2431,0.0,,entry=73.989584
2026-04-20T18:00:00+00:00,MSFT,momentum,buy,backtest,stop_loss,round_trip,75.480825,4.2524,76.8,76.8,76.799988,0.097988,0.195977,0.293965,2.8,0.49,midday,,,4.2524,0.0,,entry=76.83072
2026-04-21T15:30:00+00:00,MSFT,momentum,buy,backtest,target_or_structure,round_trip,73.246425,2.8209,75.24,75.24,79.285711,0.064824,0.129649,0.194473,8.52,1.49,midday,,,2.8209,0.0,,entry=75.270096
2026-04-21T18:45:00+00:00,MSFT,momentum,buy,backtest,target_or_structure,round_trip,78.553125,3.663,80.1,80.1,83.006784,0.089099,0.178198,0.267296,8.16,1.41,midday,,,3.663,0.0,,entry=80.13204
2026-04-22T15:15:00+00:00,MSFT,momentum,buy,backtest,target_or_structure,round_trip,73.2963,3.1995,75.08,75.08,78.408624,0.07314,0.14628,0.219419,8.18,1.41,midday,,,3.1995,0.0,,entry=75.110032
2026-04-22T17:00:00+00:00,MSFT,momentum,buy,backtest,target_or_structure,round_trip,76.8474,3.6091,78.44,78.44,81.537372,0.086058,0.172116,0.258175,8.46,1.44,midday,,,3.6091,0.0,,entry=78.471376
2026-04-15T15:15:00+00:00,AMD,momentum,buy,backtest,target_or_structure,round_trip,42.303975,6.321,43.22,43.22,45.085872,0.083149,0.166298,0.249447,8.79,1.49,midday,,,6.321,0.0,,entry=43.237288
2026-04-15T16:30:00+00:00,AMD,momentum,buy,backtest,target_or_structure,round_trip,44.478525,5.249,45.59,45.59,47.848511,0.072986,0.145972,0.218958,8.84,1.49,midday,,,5.249,0.0,,entry=45.608236
2026-04-16T15:30:00+00:00,AMD,momentum,buy,backtest,target_or_structure,round_trip,36.857625,4.3148,38.22,38.22,40.974218,0.050669,0.101338,0.152007,8.88,1.49,midday,,,4.3148,0.0,,entry=38.235288
2026-04-16T18:15:00+00:00,AMD,momentum,buy,backtest,target_or_structure,round_trip,40.887525,5.8498,41.9,41.9,43.922424,0.074725,0.149451,0.224176,8.88,1.47,midday,,,5.8498,0.0,,entry=41.91676
2026-04-17T19:15:00+00:00,AMD,momentum,buy,backtest,target_or_structure,round_trip,34.583325,4.0964,36.04,36.04,38.914428,0.045474,0.090948,0.136422,8.87,1.47,midday,,,4.0964,0.0,,entry=36.054416
2026-04-20T15:30:00+00:00,AMD,momentum,buy,backtest,target_or_structure,round_trip,37.555875,4.2212,38.98,38.98,41.858276,0.050585,0.10117,0.151754,9.08,1.49,midday,,,4.2212,0.0,,entry=38.995592
2026-04-20T17:00:00+00:00,AMD,momentum,buy,backtest,stop_loss,round_trip,41.03715,5.9801,42.05,42.05,41.020735,0.099374,0.198748,0.298122,-6.26,-1.02,midday,,,5.9801,0.0,,entry=42.06682
2026-04-21T15:15:00+00:00,AMD,momentum,buy,backtest,target_or_structure,round_trip,31.90005,4.4308,33.26,33.26,35.78568,0.045336,0.090672,0.136008,8.61,1.41,midday,,,4.4308,0.0,,entry=33.273304
2026-04-21T16:00:00+00:00,AMD,momentum,buy,backtest,target_or_structure,round_trip,34.9125,6.8379,35.8,35.8,37.58496,0.074669,0.149339,0.224008,9.14,1.48,midday,,,6.8379,0.0,,entry=35.81432
2026-04-22T15:15:00+00:00,AMD,momentum,buy,backtest,target_or_structure,round_trip,26.75295,6.1946,27.74,27.74,29.735489,0.052795,0.10559,0.158385,9.24,1.49,midday,,,6.1946,0.0,,entry=27.751096
2026-04-22T17:45:00+00:00,AMD,momentum,buy,backtest,target_or_structure,round_trip,28.997325,5.0386,30.22,30.22,32.688533,0.04693,0.093861,0.140791,9.3,1.49,midday,,,5.0386,0.0,,entry=30.232088
2026-03-26T13:45:00+00:00,AAPL,momentum,sell,backtest,stop_loss,round_trip,253.281625,3.9657,252.16,252.16,253.382938,0.400886,0.801772,1.202658,-5.25,-1.08,close,,,3.9657,0.0,,entry=252.059136
2026-03-26T17:00:00+00:00,AAPL,momentum,buy,backtest,stop_loss,round_trip,255.190425,3.8788,256.46,256.46,255.088349,0.396918,0.793836,1.190754,-5.72,-1.07,open,,,3.8788,0.0,,entry=256.562584
2026-03-26T20:15:00+00:00,AAPL,momentum,sell,backtest,stop_loss,round_trip,254.3543,2.8189,252.6,252.6,254.456042,0.285811,0.571621,0.857432,-5.52,-1.05,close,,,2.8189,0.0,,entry=252.49896
2026-03-30T16:30:00+00:00,AAPL,momentum,sell,backtest,target_or_structure,round_trip,251.356825,1.2571,247.445,247.445,247.068788,0.124306,0.248612,0.372917,0.35,0.07,open,,,1.2571,0.0,,entry=247.346022
2026-04-01T14:15:00+00:00,AAPL,momentum,buy,backtest,target_or_structure,round_trip,253.230338,2.1391,255.53,255.53,254.083326,0.218066,0.436133,0.654199,-3.31,-0.64,open,,,2.1391,0.0,,entry=255.632212
2026-04-02T12:00:00+00:00,AAPL,momentum,buy,backtest,stop_loss,round_trip,254.746538,3.8324,255.86,255.86,254.644639,0.39137,0.782739,1.174109,-5.05,-1.08,close,,,3.8324,0.0,,entry=255.962344
2026-04-02T14:30:00+00:00,AAPL,momentum,sell,backtest,target_or_structure,round_trip,255.3568,1.0775,250.83,250.83,254.05158,0.10878,0.21756,0.32634,-3.58,-0.72,open,,,1.0775,0.0,,entry=250.729668
2026-04-06T13:45:00+00:00,AAPL,momentum,buy,backtest,target_or_structure,round_trip,254.192925,2.8635,255.89,255.89,259.487382,0.22088,0.441759,0.662639,7.58,1.47,close,,,2.8635,0.0,,entry=255.992356
2026-04-07T16:00:00+00:00,AAPL,momentum,sell,backtest,target_or_structure,round_trip,257.131225,0.7148,250.28,250.28,249.314686,0.071408,0.142816,0.214223,0.62,0.12,open,,,0.7148,0.0,,entry=250.179888
2026-04-13T16:15:00+00:00,AAPL,momentum,sell,backtest,target_or_structure,round_trip,260.775312,1.7073,257.905,257.905,257.918126,0.176098,0.352196,0.528293,-0.2,-0.04,open,,,1.7073,0.0,,entry=257.801838
2026-04-14T14:15:00+00:00,AAPL,momentum,buy,backtest,stop_loss,round_trip,256.951013,2.2486,259.13,259.13,259.129959,0.174827,0.349654,0.524482,2.45,0.48,close,,,2.2486,0.0,,entry=259.233652
2026-04-15T17:45:00+00:00,AAPL,momentum,buy,backtest,target_or_structure,round_trip,260.556975,2.044,262.96,262.96,264.334224,0.16155,0.323099,0.484649,3.86,0.75,midday,,,2.044,0.0,,entry=263.065184
2026-04-16T13:30:00+00:00,AAPL,momentum,buy,backtest,stop_loss,round_trip,265.03575,3.7033,266.31,266.31,264.929736,0.393547,0.787093,1.18064,-5.51,-1.08,close,,,3.7033,0.0,,entry=266.416524
2026-04-17T17:15:00+00:00,AAPL,momentum,buy,backtest,target_or_structure,round_trip,269.554425,2.3972,271.6,271.6,270.471768,0.259943,0.519886,0.779828,-2.97,-0.57,midday,,,2.3972,0.0,,entry=271.70864
2026-04-20T15:00:00+00:00,AAPL,momentum,buy,backtest,target_or_structure,round_trip,269.654175,1.7804,272.4,272.4,271.871208,0.193843,0.387686,0.581528,-1.14,-0.22,open,,,1.7804,0.0,,entry=272.50896
2026-04-21T18:00:00+00:00,AAPL,momentum,sell,backtest,target_or_structure,round_trip,267.84795,2.8929,266.16,266.16,266.936732,0.308377,0.616755,0.925132,-2.55,-0.49,midday,,,2.8929,0.0,,entry=266.053536
2026-04-22T18:15:00+00:00,AAPL,momentum,buy,backtest,target_or_structure,round_trip,267.7689,1.6616,270.7,270.7,272.59092,0.180583,0.361165,0.541748,2.96,0.59,open,,,1.6616,0.0,,entry=270.80828
2026-03-26T14:30:00+00:00,MSFT,momentum,buy,backtest,target_or_structure,round_trip,370.666013,1.5918,373.735,373.735,370.916574,0.237115,0.474229,0.711344,-4.72,-0.92,open,,,1.5918,0.0,,entry=373.884494
2026-03-27T13:00:00+00:00,MSFT,momentum,sell,backtest,target_or_structure,round_trip,371.0052,1.7709,368.26,368.26,362.472619,0.194599,0.389197,0.583796,7.56,1.47,midday,,,1.7709,0.0,,entry=368.112696
2026-03-27T15:15:00+00:00,MSFT,momentum,sell,backtest,target_or_structure,round_trip,363.356125,1.1457,359.08,359.08,360.534156,0.164859,0.329719,0.494578,-1.83,-0.36,open,,,1.1457,0.0,,entry=358.936368
2026-03-30T16:15:00+00:00,MSFT,momentum,buy,backtest,stop_loss,round_trip,362.5314,2.0559,364.91,364.91,362.386387,0.299109,0.598219,0.897328,-5.49,-1.06,midday,,,2.0559,0.0,,entry=365.055964
2026-04-06T13:30:00+00:00,MSFT,momentum,buy,backtest,stop_loss,round_trip,369.8331,1.7832,372.56,372.56,369.685167,0.264767,0.529534,0.794301,-5.39,-1.05,close,,,1.7832,0.0,,entry=372.709024
2026-04-07T15:45:00+00:00,MSFT,momentum,sell,backtest,target_or_structure,round_trip,372.383637,2.4626,370.42,370.42,369.367688,0.273363,0.546727,0.82009,3.71,0.71,open,,,2.4626,0.0,,entry=370.271832
2026-04-08T13:30:00+00:00,MSFT,momentum,buy,backtest,target_or_structure,round_trip,369.823125,1.8838,372.4,372.4,377.84943,0.211513,0.423026,0.63454,7.56,1.47,close,,,1.8838,0.0,,entry=372.54896
2026-04-08T19:45:00+00:00,MSFT,momentum,sell,backtest,stop_loss,round_trip,373.47135,2.4691,371.49,371.49,373.620739,0.367877,0.735754,1.10363,-5.63,-1.07,close,,,2.4691,0.0,,entry=371.341404
2026-04-09T15:45:00+00:00,MSFT,momentum,sell,backtest,target_or_structure,round_trip,373.366087,1.3563,369.78,369.78,370.368088,0.200732,0.401465,0.602197,-1.0,-0.2,open,,,1.3563,0.0,,entry=369.632088
2026-04-13T19:45:00+00:00,MSFT,momentum,buy,backtest,target_or_structure,round_trip,370.3917,1.2032,374.43,374.43,382.802734,0.13618,0.27236,0.40854,7.47,1.48,open,,,1.2032,0.0,,entry=374.579772
2026-04-14T12:45:00+00:00,MSFT,momentum,buy,backtest,target_or_structure,round_trip,381.70335,1.8641,384.33,384.33,389.888478,0.21599,0.43198,0.647971,7.63,1.47,close,,,1.8641,0.0,,entry=384.483732
2026-04-14T15:00:00+00:00,MSFT,momentum,buy,backtest,target_or_structure,round_trip,385.623525,0.6973,392.7,392.7,390.29382,0.109218,0.218436,0.327654,-1.79,-0.35,open,,,0.6973,0.0,,entry=392.85708
2026-04-15T19:45:00+00:00,MSFT,momentum,buy,backtest,target_or_structure,round_trip,395.7681,0.7828,402.06,402.06,411.13548,0.095143,0.190286,0.285429,6.01,1.19,open,,,0.7828,0.0,,entry=402.220824
2026-04-17T16:45:00+00:00,MSFT,momentum,buy,backtest,target_or_structure,round_trip,424.944975,1.5178,428.21,428.21,426.859188,0.259617,0.519233,0.77885,-2.31,-0.44,open,,,1.5178,0.0,,entry=428.381284
2026-04-21T17:00:00+00:00,MSFT,momentum,buy,backtest,target_or_structure,round_trip,419.174438,1.077,423.765,423.765,424.38018,0.182727,0.365454,0.548181,0.48,0.09,open,,,1.077,0.0,,entry=423.934506
2026-04-22T16:45:00+00:00,MSFT,momentum,buy,backtest,target_or_structure,round_trip,422.630775,0.8818,428.24,428.24,430.457748,0.15147,0.302941,0.454411,1.8,0.35,open,,,0.8818,0.0,,entry=428.411296
2026-04-23T14:45:00+00:00,MSFT,momentum,sell,backtest,target_or_structure,round_trip,422.704125,0.9343,417.4,417.4,421.76864,0.156776,0.313551,0.470327,-4.24,-0.83,open,,,0.9343,0.0,,entry=417.23304
2026-03-27T13:30:00+00:00,AMD,momentum,sell,backtest,target_or_structure,round_trip,204.81075,4.6082,203.74,203.74,201.890724,0.280773,0.561546,0.842319,6.73,1.27,close,,,4.6082,0.0,,entry=203.658504
2026-03-30T19:45:00+00:00,AMD,momentum,sell,backtest,stop_loss,round_trip,194.66545,3.5347,193.26,193.26,194.743316,0.27424,0.54848,0.82272,-5.52,-1.05,close,,,3.5347,0.0,,entry=193.182696
2026-04-01T17:30:00+00:00,AMD,momentum,buy,backtest,target_or_structure,round_trip,208.567275,2.2738,210.74,210.74,211.895208,0.144036,0.288072,0.432108,3.78,0.74,open,,,2.2738,0.0,,entry=210.824296
2026-04-06T13:30:00+00:00,AMD,momentum,buy,backtest,target_or_structure,round_trip,215.6994,3.7131,217.035,217.035,219.878655,0.242853,0.485705,0.728558,7.76,1.47,close,,,3.7131,0.0,,entry=217.121814
2026-04-06T15:30:00+00:00,AMD,momentum,buy,backtest,target_or_structure,round_trip,217.145775,0.6521,224.81,224.81,219.86202,0.058006,0.116011,0.174017,-3.29,-0.65,open,,,0.6521,0.0,,entry=224.899924
2026-04-08T13:00:00+00:00,AMD,momentum,buy,backtest,target_or_structure,round_trip,218.602125,1.6562,221.61,221.61,227.800525,0.11115,0.222299,0.333449,7.62,1.49,close,,,1.6562,0.0,,entry=221.698644
2026-04-10T15:45:00+00:00,AMD,momentum,buy,backtest,target_or_structure,round_trip,236.457375,0.5408,245.74,245.74,245.071932,0.053097,0.106194,0.15929,-0.41,-0.08,open,,,0.5408,0.0,,entry=245.838296
2026-04-15T13:00:00+00:00,AMD,momentum,buy,backtest,stop_loss,round_trip,253.90365,3.8705,255.2,255.2,253.802089,0.394097,0.788194,1.182291,-5.81,-1.07,close,,,3.8705,0.0,,entry=255.30208
2026-04-16T13:30:00+00:00,AMD,momentum,buy,backtest,target_or_structure,round_trip,256.028325,2.3906,258.115,258.115,262.493049,0.186187,0.372373,0.55856,7.73,1.48,close,,,2.3906,0.0,,entry=258.218246
2026-04-16T15:45:00+00:00,AMD,momentum,buy,backtest,target_or_structure,round_trip,267.599325,1.5003,270.95,270.95,277.808832,0.123,0.246001,0.369001,7.66,1.48,midday,,,1.5003,0.0,,entry=271.05838
2026-04-23T17:00:00+00:00,AMD,momentum,buy,backtest,target_or_structure,round_trip,299.54925,1.0596,304.33,304.33,305.67768,0.096896,0.193792,0.290689,3.25,0.63,open,,,1.0596,0.0,,entry=304.451732
2026-03-26T17:00:00+00:00,AAPL,momentum,buy,backtest,stop_loss,round_trip,255.190425,3.8992,256.46,256.46,255.088349,0.399005,0.798011,1.197016,-5.75,-1.07,open,,,3.8992,0.0,,entry=256.562584
2026-03-26T20:15:00+00:00,AAPL,momentum,sell,backtest,stop_loss,round_trip,254.3543,2.8338,252.6,252.6,254.456042,0.287321,0.574643,0.861964,-5.55,-1.05,close,,,2.8338,0.0,,entry=252.49896
2026-03-30T16:30:00+00:00,AAPL,momentum,sell,backtest,target_or_structure,round_trip,251.356825,1.2637,247.445,247.445,247.068788,0.124958,0.249917,0.374875,0.35,0.07,open,,,1.2637,0.0,,entry=247.346022
2026-04-01T14:15:00+00:00,AAPL,momentum,buy,backtest,target_or_structure,round_trip,253.230338,2.1504,255.53,255.53,254.083326,0.219218,0.438436,0.657655,-3.33,-0.64,open,,,2.1504,0.0,,entry=255.632212
2026-04-02T12:00:00+00:00,AAPL,momentum,buy,backtest,stop_loss,round_trip,254.746538,3.8526,255.86,255.86,254.644639,0.393433,0.786865,1.180298,-5.08,-1.08,close,,,3.8526,0.0,,entry=255.962344
2026-04-02T14:30:00+00:00,AAPL,momentum,sell,backtest,target_or_structure,round_trip,255.3568,1.0831,250.83,250.83,254.05158,0.109345,0.218691,0.328036,-3.6,-0.72,open,,,1.0831,0.0,,entry=250.729668
2026-04-06T13:45:00+00:00,AAPL,momentum,buy,backtest,target_or_structure,round_trip,254.192925,2.8786,255.89,255.89,259.487382,0.222047,0.444094,0.666141,7.62,1.47,close,,,2.8786,0.0,,entry=255.992356
2026-04-07T16:00:00+00:00,AAPL,momentum,sell,backtest,target_or_structure,round_trip,257.131225,0.7186,250.28,250.28,249.314686,0.071787,0.143575,0.215362,0.62,0.12,open,,,0.7186,0.0,,entry=250.179888
2026-04-13T16:15:00+00:00,AAPL,momentum,sell,backtest,target_or_structure,round_trip,260.775312,1.7163,257.905,257.905,257.918126,0.177026,0.354052,0.531078,-0.2,-0.04,open,,,1.7163,0.0,,entry=257.801838
2026-04-14T14:15:00+00:00,AAPL,momentum,buy,backtest,stop_loss,round_trip,256.951013,2.2604,259.13,259.13,259.129959,0.175745,0.351489,0.527234,2.46,0.48,close,,,2.2604,0.0,,entry=259.233652
2026-04-15T17:45:00+00:00,AAPL,momentum,buy,backtest,target_or_structure,round_trip,260.556975,2.0548,262.96,262.96,264.334224,0.162403,0.324806,0.48721,3.88,0.75,midday,,,2.0548,0.0,,entry=263.065184
2026-04-16T13:30:00+00:00,AAPL,momentum,buy,backtest,stop_loss,round_trip,265.03575,3.7228,266.31,266.31,264.929736,0.395619,0.791238,1.186856,-5.54,-1.08,close,,,3.7228,0.0,,entry=266.416524
2026-04-17T17:15:00+00:00,AAPL,momentum,buy,backtest,target_or_structure,round_trip,269.554425,2.4098,271.6,271.6,270.471768,0.261309,0.522618,0.783927,-2.98,-0.57,midday,,,2.4098,0.0,,entry=271.70864
2026-04-20T15:00:00+00:00,AAPL,momentum,buy,backtest,target_or_structure,round_trip,269.654175,1.7898,272.4,272.4,271.871208,0.194866,0.389733,0.584599,-1.14,-0.22,open,,,1.7898,0.0,,entry=272.50896
2026-04-21T18:00:00+00:00,AAPL,momentum,sell,backtest,target_or_structure,round_trip,267.84795,2.9081,266.16,266.16,266.936732,0.309998,0.619995,0.929993,-2.57,-0.49,midday,,,2.9081,0.0,,entry=266.053536
2026-04-22T18:15:00+00:00,AAPL,momentum,buy,backtest,target_or_structure,round_trip,267.7689,1.6703,270.7,270.7,272.59092,0.181528,0.363056,0.544585,2.98,0.59,open,,,1.6703,0.0,,entry=270.80828
2026-03-26T14:30:00+00:00,MSFT,momentum,buy,backtest,target_or_structure,round_trip,370.666013,1.6002,373.735,373.735,370.916574,0.238366,0.476732,0.715097,-4.75,-0.92,open,,,1.6002,0.0,,entry=373.884494
2026-03-27T13:00:00+00:00,MSFT,momentum,sell,backtest,target_or_structure,round_trip,371.0052,1.7802,368.26,368.26,362.472619,0.195617,0.391234,0.586851,7.59,1.47,midday,,,1.7802,0.0,,entry=368.112696
2026-03-27T15:15:00+00:00,MSFT,momentum,sell,backtest,target_or_structure,round_trip,363.356125,1.1518,359.08,359.08,360.534156,0.165737,0.331474,0.497211,-1.84,-0.36,open,,,1.1518,0.0,,entry=358.936368
2026-03-30T16:15:00+00:00,MSFT,momentum,buy,backtest,stop_loss,round_trip,362.5314,2.0667,364.91,364.91,362.386387,0.300681,0.601361,0.902042,-5.52,-1.06,midday,,,2.0667,0.0,,entry=365.055964
2026-04-06T13:30:00+00:00,MSFT,momentum,buy,backtest,stop_loss,round_trip,369.8331,1.7926,372.56,372.56,369.685167,0.266163,0.532326,0.798488,-5.42,-1.05,close,,,1.7926,0.0,,entry=372.709024
2026-04-07T15:45:00+00:00,MSFT,momentum,sell,backtest,target_or_structure,round_trip,372.383637,2.4756,370.42,370.42,369.367688,0.274806,0.549613,0.824419,3.73,0.71,open,,,2.4756,0.0,,entry=370.271832
2026-04-08T13:30:00+00:00,MSFT,momentum,buy,backtest,target_or_structure,round_trip,369.823125,1.8937,372.4,372.4,377.84943,0.212629,0.425257,0.637886,7.6,1.47,close,,,1.8937,0.0,,entry=372.54896
2026-04-08T19:45:00+00:00,MSFT,momentum,sell,backtest,stop_loss,round_trip,373.47135,2.482,371.49,371.49,373.620739,0.369799,0.739598,1.109396,-5.66,-1.07,close,,,2.482,0.0,,entry=371.341404
2026-04-09T15:45:00+00:00,MSFT,momentum,sell,backtest,target_or_structure,round_trip,373.366087,1.3635,369.78,369.78,370.368088,0.201798,0.403596,0.605394,-1.0,-0.2,open,,,1.3635,0.0,,entry=369.632088
2026-04-13T19:45:00+00:00,MSFT,momentum,buy,backtest,target_or_structure,round_trip,370.3917,1.2095,374.43,374.43,382.802734,0.136889,0.273779,0.410668,7.51,1.48,open,,,1.2095,0.0,,entry=374.579772
2026-04-14T12:45:00+00:00,MSFT,momentum,buy,backtest,target_or_structure,round_trip,381.70335,1.8739,384.33,384.33,389.888478,0.217134,0.434267,0.651401,7.67,1.47,close,,,1.8739,0.0,,entry=384.483732
2026-04-14T15:00:00+00:00,MSFT,momentum,buy,backtest,target_or_structure,round_trip,385.623525,0.701,392.7,392.7,390.29382,0.109798,0.219595,0.329393,-1.8,-0.35,open,,,0.701,0.0,,entry=392.85708
2026-04-15T19:45:00+00:00,MSFT,momentum,buy,backtest,target_or_structure,round_trip,395.7681,0.7869,402.06,402.06,411.13548,0.095637,0.191275,0.286912,6.05,1.19,open,,,0.7869,0.0,,entry=402.220824
2026-04-17T16:45:00+00:00,MSFT,momentum,buy,backtest,target_or_structure,round_trip,424.944975,1.5258,428.21,428.21,426.859188,0.260985,0.52197,0.782955,-2.32,-0.44,open,,,1.5258,0.0,,entry=428.381284
2026-04-21T17:00:00+00:00,MSFT,momentum,buy,backtest,target_or_structure,round_trip,419.174438,1.0827,423.765,423.765,424.38018,0.183694,0.367388,0.551082,0.48,0.09,open,,,1.0827,0.0,,entry=423.934506
2026-04-22T16:45:00+00:00,MSFT,momentum,buy,backtest,target_or_structure,round_trip,422.630775,0.8865,428.24,428.24,430.457748,0.152278,0.304555,0.456833,1.81,0.35,open,,,0.8865,0.0,,entry=428.411296
2026-04-23T14:45:00+00:00,MSFT,momentum,sell,backtest,target_or_structure,round_trip,422.704125,0.9392,417.4,417.4,421.76864,0.157598,0.315196,0.472793,-4.26,-0.83,open,,,0.9392,0.0,,entry=417.23304
2026-03-27T13:30:00+00:00,AMD,momentum,sell,backtest,target_or_structure,round_trip,204.81075,4.6325,203.74,203.74,201.890724,0.282252,0.564503,0.846755,6.76,1.27,close,,,4.6325,0.0,,entry=203.658504
2026-03-30T19:45:00+00:00,AMD,momentum,sell,backtest,stop_loss,round_trip,194.66545,3.5533,193.26,193.26,194.743316,0.275683,0.551366,0.827049,-5.55,-1.05,close,,,3.5533,0.0,,entry=193.182696
2026-04-01T17:30:00+00:00,AMD,momentum,buy,backtest,target_or_structure,round_trip,208.567275,2.2857,210.74,210.74,211.895208,0.144792,0.289584,0.434376,3.8,0.74,open,,,2.2857,0.0,,entry=210.824296
2026-04-06T13:30:00+00:00,AMD,momentum,buy,backtest,target_or_structure,round_trip,215.6994,3.7326,217.035,217.035,219.878655,0.244126,0.488251,0.732377,7.8,1.47,close,,,3.7326,0.0,,entry=217.121814
2026-04-06T15:30:00+00:00,AMD,momentum,buy,backtest,target_or_structure,round_trip,217.145775,0.6555,224.81,224.81,219.86202,0.058308,0.116616,0.174924,-3.3,-0.65,open,,,0.6555,0.0,,entry=224.899924
2026-04-08T13:00:00+00:00,AMD,momentum,buy,backtest,target_or_structure,round_trip,218.602125,1.6649,221.61,221.61,227.800525,0.111731,0.223462,0.335193,7.66,1.49,close,,,1.6649,0.0,,entry=221.698644
2026-04-10T15:45:00+00:00,AMD,momentum,buy,backtest,target_or_structure,round_trip,236.457375,0.5436,245.74,245.74,245.071932,0.053372,0.106743,0.160115,-0.42,-0.08,open,,,0.5436,0.0,,entry=245.838296
2026-04-15T13:00:00+00:00,AMD,momentum,buy,backtest,stop_loss,round_trip,253.90365,3.8909,255.2,255.2,253.802089,0.396174,0.792349,1.188523,-5.84,-1.07,close,,,3.8909,0.0,,entry=255.30208
2026-04-16T13:30:00+00:00,AMD,momentum,buy,backtest,target_or_structure,round_trip,256.028325,2.4032,258.115,258.115,262.493049,0.187168,0.374336,0.561504,7.77,1.48,close,,,2.4032,0.0,,entry=258.218246
2026-04-16T15:45:00+00:00,AMD,momentum,buy,backtest,target_or_structure,round_trip,267.599325,1.5082,270.95,270.95,277.808832,0.123645,0.247291,0.370936,7.7,1.48,midday,,,1.5082,0.0,,entry=271.05838
2026-04-23T17:00:00+00:00,AMD,momentum,buy,backtest,target_or_structure,round_trip,299.54925,1.0651,304.33,304.33,305.67768,0.097402,0.194804,0.292207,3.26,0.62,open,,,1.0651,0.0,,entry=304.451732
